description,sign_name,arguments,api,category,dll,pe_res_name,filetype,pe_sec_name,entropy,proc,beh_command_line,regkey_read,directory_enumerated,regkey_opened,file_created,dll_loaded,file_read,apistats,log,family
8,8,0,0,0,6,1,1,6,6,3,3,11,5,0,0,0,0,38,4073,0
1,1,0,0,0,3,1,1,3,3,2,2,1,0,0,0,0,0,7,19,1
3,3,1,1,1,6,2,2,4,4,2,2,0,0,0,0,0,0,8,17,0
10,10,5,5,5,3,0,0,5,5,1,1,66,0,0,1,7,0,28,18,2
6,6,2,2,2,6,31,31,3,3,2,2,11,0,27,0,6,0,33,18,1
4,4,0,0,0,82,3,3,8,8,1,1,0,0,0,0,0,0,0,14,1
4,4,0,0,0,12,3,3,7,7,0,0,0,0,0,0,0,0,0,14,1
8,8,0,0,0,4,9,9,9,9,0,0,0,0,0,0,0,0,0,17,0
33,33,147,147,147,4,1,1,4,4,7,7,404,2397,473,1,44,6,254,42,2
18,18,49,49,49,6,2,2,4,4,3,3,5,0,0,0,13,0,54,25,0
6,6,1,1,1,10,5,5,3,3,2,2,2,0,4,0,1,0,16,31,1
25,25,22,22,22,3,0,0,5,5,7,7,25,13,11,1,14,0,123,874,2
8,8,3,3,3,9,11,11,5,5,2,2,9,0,26,0,13,0,36,18,1
17,17,156,156,156,1,0,0,3,3,2,2,28,130,2,122,10,2000,62,2150,0
9,9,0,0,0,3,21,21,5,5,2,2,4,0,4,5,12,0,28,112,1
35,35,260,260,260,4,9,9,9,9,7,7,636,543,231,515,21,1686,267,2236,0
4,4,0,0,0,13,4,4,5,5,2,2,0,0,0,0,1,0,11,18,2
4,4,0,0,0,7,17,17,5,5,0,0,0,0,0,0,0,0,0,14,1
17,17,159,159,159,1,0,0,3,3,2,2,28,85,2,78,10,1243,62,1345,0
7,7,0,0,0,3,21,21,5,5,2,2,4,0,4,5,12,0,28,26,1
8,8,3,3,3,9,11,11,5,5,2,2,9,0,26,0,13,0,37,18,1
25,25,46,46,46,6,2,2,4,4,3,3,50,0,40,0,10,0,67,37,0
17,17,155,155,155,1,0,0,3,3,2,2,28,85,2,78,10,1228,62,1327,0
11,11,0,0,0,10,1,1,5,5,2,2,1,0,1,0,1,0,12,30,0
3,3,2,2,2,13,4,4,5,5,2,2,6,0,0,0,1,0,19,17,2
3,3,2,2,2,13,4,4,5,5,2,2,6,0,0,0,1,0,19,19,2
29,29,174,174,174,4,3,3,4,4,11,11,931,1188,636,2446,28,1306,297,1399,0
11,11,10,10,10,4,1,1,4,4,2,2,0,0,0,0,0,0,14,22,2
32,32,141,141,141,4,1,1,4,4,7,7,121,1137,61,1,14,5,200,0,2
10,10,10,10,10,4,1,1,4,4,2,2,0,0,0,0,0,0,14,22,2
10,10,0,0,0,13,4,4,5,5,2,2,49,0,12,0,3,0,20,30,2
5,5,0,0,0,8,3,3,6,6,0,0,0,0,0,0,0,0,0,25,1
1,1,0,0,0,3,1,1,3,3,2,2,1,0,0,0,0,0,7,19,1
8,8,69,69,69,3,3,3,4,4,2,2,29,0,1,0,17,1,41,21,0
18,18,49,49,49,6,2,2,4,4,3,3,5,0,0,0,13,0,54,25,0
30,30,225,225,225,1,0,0,5,5,3,3,1284,273,176,237,108,4420,196,9242,0
3,3,0,0,0,13,4,4,5,5,2,2,0,0,0,0,1,0,11,18,2
6,6,53,53,53,14,9,9,5,5,2,2,0,0,0,0,2,1,18,29,2
4,4,0,0,0,82,3,3,8,8,1,1,0,0,0,0,0,0,0,14,1
5,5,2,2,2,4,1,1,5,5,2,2,67,0,0,0,3,0,20,19,0
7,7,3,3,3,9,11,11,5,5,2,2,9,0,26,0,13,0,37,18,1
15,15,45,45,45,1,0,0,3,3,2,2,7,45,2,37,9,322,54,377,0
4,4,1,1,1,6,2,2,4,4,2,2,0,0,0,0,0,0,8,17,0
7,7,1,1,1,3,11,11,7,7,1,1,0,0,0,0,1,0,11,19,0
38,38,61,61,61,8,8,8,5,5,8,8,2756,247,733,27,102,51,385,125,0
21,21,29,29,29,7,5,5,4,4,4,4,104,3,54,3,24,1,196,40,0
23,23,72,72,72,10,11,11,5,5,4,4,168,1,273,9,44,8,184,45,1
32,32,143,143,143,4,1,1,4,4,6,6,266,1944,188,1,37,6,217,39,2
19,19,138,138,138,4,10,10,5,5,2,2,32,659,3,2273,14,2346,53,2407,0
4,4,1,1,1,3,11,11,7,7,2,2,0,0,0,0,1,0,13,19,0
16,16,120,120,120,16,26,26,4,4,2,2,143,66,5,131,17,1085,61,1168,0
7,7,1,1,1,3,11,11,7,7,1,1,0,0,0,0,1,0,11,19,0
7,7,0,0,0,7,1,1,3,3,1,1,48,0,0,0,8,0,16,18,0
37,37,63,63,63,8,8,8,5,5,8,8,3855,260,23,26,81,58,353,132,0
6,6,0,0,0,7,17,17,5,5,0,0,0,0,0,0,0,0,0,14,1
3,3,2,2,2,13,4,4,5,5,2,2,6,0,0,0,1,0,19,19,2
8,8,0,0,0,3,21,21,5,5,1,1,0,0,0,0,0,0,0,26,1
4,4,0,0,0,7,10,10,5,5,0,0,0,0,0,0,0,0,0,17,1
7,7,0,0,0,4,9,9,9,9,0,0,0,0,0,0,0,0,0,17,0
17,17,112,112,112,16,26,26,4,4,2,2,143,41,5,81,17,626,61,683,0
6,6,0,0,0,12,3,3,7,7,0,0,0,0,0,0,0,0,0,14,1
9,9,7,7,7,6,31,31,3,3,1,1,30,0,8,0,3,1,35,18,1
7,7,1,1,1,11,17,17,6,6,2,2,4,0,0,0,3,0,24,19,1
20,20,70,70,70,10,11,11,5,5,4,4,266,4,302,5,49,3,174,33,1
8,8,3,3,3,9,11,11,5,5,2,2,9,0,26,0,13,0,37,18,1
17,17,213,213,213,16,26,26,4,4,2,2,39,74,19,147,28,1375,73,1468,0
38,38,60,60,60,8,8,8,5,5,8,8,2756,247,733,27,101,53,378,127,0
7,7,0,0,0,9,11,11,5,5,0,0,0,0,0,0,0,0,0,17,1
10,10,4,4,4,7,34,34,7,7,2,2,2963,1,9,10,28,15,63,25,1
17,17,104,104,104,16,26,26,4,4,2,2,142,27,5,53,17,241,61,283,0
7,7,0,0,0,4,9,9,9,9,0,0,0,0,0,0,0,0,0,17,0
19,19,8,8,8,7,1,1,3,3,5,5,95,29,25,1,13,2,142,30,0
24,24,24,24,24,8,8,8,5,5,2,2,53,5,30,5,7,2,56,2394,0
17,17,59,59,59,10,11,11,5,5,4,4,265,4,308,9,70,5,189,33,1
33,33,213,213,213,8,8,8,5,5,3,3,212,809,139,57,32,1424,154,1517,0
20,20,188,188,188,3,3,3,4,4,2,2,59,79,63,158,32,4,86,1614,0
19,19,8,8,8,7,1,1,3,3,5,5,61,14,17,1,12,2,126,40,0
9,9,5,5,5,7,34,34,7,7,2,2,2288,1,475,10,36,14,68,28,1
7,7,53,53,53,14,9,9,5,5,2,2,0,0,0,0,2,1,15,17,2
5,5,4,4,4,11,22,22,8,8,2,2,2,0,4,0,1,0,21,18,1
19,19,6,6,6,6,1,1,6,6,9,9,190,40,43,0,46,0,294,11772,0
9,9,4,4,4,7,34,34,7,7,2,2,2856,1,9,10,28,15,61,25,1
9,9,1,1,1,6,31,31,3,3,2,2,6,0,8,0,3,0,30,30,1
3,3,0,0,0,8,3,3,6,6,1,1,0,0,0,0,0,0,0,14,1
6,6,2,2,2,7,5,5,4,4,2,2,0,0,0,0,0,0,8,19,0
20,20,128,128,128,4,10,10,5,5,3,3,43,1775,3,5388,14,5533,72,5629,0
34,34,113,113,113,8,8,8,5,5,7,7,4119,232,22,38,80,62,347,149,0
37,37,218,218,218,4,9,9,9,9,7,7,644,541,232,511,21,1643,267,2194,0
6,6,0,0,0,17,47,47,7,7,0,0,0,0,0,0,0,0,0,14,1
21,21,181,181,181,3,3,3,4,4,2,2,52,177,63,354,32,4,85,4058,0
25,25,172,172,172,4,3,3,4,4,11,11,2996,1208,740,1753,40,633,292,708,0
6,6,4,4,4,11,22,22,8,8,2,2,2,0,4,0,1,0,21,18,1
6,6,0,0,0,11,22,22,8,8,0,0,0,0,0,0,0,0,0,17,1
1,1,0,0,0,3,1,1,3,3,2,2,1,0,0,0,0,0,7,19,1
8,8,0,0,0,9,11,11,5,5,0,0,0,0,0,0,0,0,0,17,1
18,18,91,91,91,6,2,2,4,4,3,3,5,0,0,0,13,0,54,25,0
4,4,3,3,3,3,11,11,3,3,2,2,13,5,1,0,1,0,19,16,1
22,22,189,189,189,3,3,3,4,4,2,2,59,154,63,308,32,4,86,3437,0
14,14,57,57,57,7,17,17,5,5,4,4,2509,28,571,834,42,26,184,910,1
8,8,4,4,4,8,42,42,5,5,2,2,2841,2,0,10,16,15,56,28,1
4,4,0,0,0,10,5,5,3,3,0,0,0,0,0,0,0,0,0,17,1
5,5,0,0,0,7,17,17,5,5,0,0,0,0,0,0,0,0,0,14,1
45,45,278,278,278,4,3,3,4,4,26,26,1059,1257,737,3390,51,2241,859,0,0
8,8,3,3,3,8,42,42,5,5,2,2,2289,6,467,10,26,16,67,28,1
6,6,0,0,0,82,3,3,8,8,0,0,0,0,0,0,0,0,0,14,1
7,7,1,1,1,3,11,11,7,7,2,2,1,0,0,0,1,0,16,31,0
3,3,2,2,2,13,4,4,5,5,2,2,6,0,0,0,1,0,19,19,2
11,11,7,7,7,1,0,0,5,5,1,1,2947,4,0,0,26,12,58,22,0
8,8,3,3,3,8,42,42,5,5,2,2,2288,2,467,10,26,15,66,28,1
11,11,4,4,4,7,10,10,5,5,3,3,65,7,66,19,22,9,104,46,1
5,5,0,0,0,8,3,3,6,6,1,1,0,0,0,0,0,0,0,25,1
7,7,0,0,0,17,47,47,7,7,1,1,0,0,0,0,0,0,0,25,1
4,4,4,4,4,11,22,22,8,8,2,2,2,0,4,0,1,0,21,18,1
32,32,223,223,223,1,0,0,5,5,3,3,1283,273,176,237,108,4420,195,9224,0
19,19,116,116,116,10,0,0,4,4,2,2,25,152,11,140,16,2869,64,3048,0
18,18,24,24,24,3,0,0,5,5,6,6,31,9,8,1,15,0,120,2006,2
33,33,187,187,187,8,8,8,5,5,3,3,212,809,139,23,32,864,154,925,0
25,25,72,72,72,6,2,2,4,4,3,3,50,0,40,0,10,0,66,37,0
7,7,0,0,0,26,6,6,7,7,0,0,0,0,0,0,0,0,0,14,1
6,6,0,0,0,7,17,17,5,5,0,0,0,0,0,0,0,0,0,14,1
6,6,0,0,0,26,6,6,7,7,0,0,0,0,0,0,0,0,0,25,1
12,12,9,9,9,10,0,0,4,4,1,1,27,10,0,0,1,1,46,19,0
10,10,13,13,13,1,0,0,5,5,1,1,3073,4,0,0,27,12,60,22,0
17,17,124,124,124,16,26,26,4,4,2,2,143,66,5,131,17,1099,61,1180,0
6,6,0,0,0,10,0,0,4,4,2,2,0,0,0,0,0,0,1,30,0
36,36,222,222,222,4,9,9,9,9,7,7,644,730,232,697,21,2809,267,3558,0
20,20,6,6,6,6,1,1,6,6,9,9,190,40,43,0,46,0,295,5884,0
3,3,0,0,0,12,3,3,7,7,1,1,0,0,0,0,0,0,0,14,1
9,9,0,0,0,3,3,3,4,4,1,1,0,0,0,0,0,0,0,0,0
4,4,2,2,2,4,1,1,5,5,2,2,54,0,79,0,5,0,15,19,0
8,8,4,4,4,8,42,42,5,5,2,2,2948,2,0,10,16,15,57,28,1
25,25,239,239,239,16,26,26,4,4,2,2,42,174,20,348,17,4551,68,4915,0
10,10,3,3,3,9,11,11,5,5,2,2,7,0,9,0,11,0,41,30,1
33,33,143,143,143,4,1,1,4,4,6,6,265,2180,187,1,36,6,216,39,2
5,5,0,0,0,17,47,47,7,7,0,0,0,0,0,0,0,0,0,14,1
3,3,0,0,0,26,6,6,7,7,1,1,0,0,0,0,0,0,0,14,1
7,7,4,4,4,8,42,42,5,5,2,2,2841,2,0,10,16,15,56,28,1
5,5,0,0,0,10,5,5,3,3,0,0,0,0,0,0,0,0,0,17,1
10,10,3,3,3,7,10,10,5,5,3,3,2231,3,327,19,33,20,124,36,1
9,9,74,74,74,3,3,3,4,4,2,2,29,0,1,0,16,1,39,21,0
36,36,58,58,58,8,8,8,5,5,8,8,3811,260,23,26,81,53,347,128,0
3,3,3,3,3,3,11,11,3,3,2,2,19,5,3,0,1,0,15,18,1
14,14,2,2,2,7,34,34,7,7,2,2,108,5,47,7,20,2,56,35,1
22,22,27,27,27,3,0,0,5,5,7,7,36,9,8,1,15,0,135,2370,2
25,25,98,98,98,7,17,17,5,5,6,6,446,39,357,857,63,21,369,959,1
17,17,59,59,59,10,11,11,5,5,4,4,265,4,308,9,70,5,188,33,1
7,7,0,0,0,3,21,21,5,5,0,0,0,0,0,0,0,0,0,15,1
8,8,1,1,1,3,11,11,7,7,1,1,0,0,0,0,1,0,11,19,0
39,39,200,200,200,4,9,9,9,9,7,7,25,382,12,373,6,2857,225,0,0
4,4,0,0,0,3,3,3,4,4,1,1,0,0,0,0,0,0,0,21,0
10,10,3,3,3,9,11,11,5,5,2,2,7,0,7,0,11,0,38,30,1
6,6,1,1,1,6,2,2,4,4,2,2,0,0,0,0,0,0,8,17,0
21,21,9,9,9,7,1,1,3,3,5,5,61,14,17,1,12,2,133,43,0
6,6,1,1,1,11,17,17,6,6,2,2,4,0,0,0,3,0,24,19,1
37,37,230,230,230,4,9,9,9,9,7,7,25,284,12,275,6,1772,225,2173,0
8,8,0,0,0,17,47,47,7,7,0,0,0,0,0,0,0,0,0,14,1
18,18,59,59,59,10,11,11,5,5,4,4,264,4,306,9,70,5,189,33,1
4,4,0,0,0,10,1,1,5,5,2,2,3,0,2,0,2,0,13,18,0
5,5,0,0,0,82,3,3,8,8,0,0,0,0,0,0,0,0,0,14,1
6,6,53,53,53,14,9,9,5,5,2,2,0,0,0,0,2,1,16,17,2
5,5,53,53,53,14,9,9,5,5,2,2,0,0,0,0,3,1,18,17,2
6,6,0,0,0,4,9,9,9,9,0,0,0,0,0,0,0,0,0,17,0
9,9,3,3,3,7,10,10,5,5,3,3,2231,3,327,19,33,20,124,36,1
3,3,0,0,0,4,1,1,3,3,1,1,0,0,0,0,0,0,6,19,1
7,7,53,53,53,14,9,9,5,5,2,2,0,0,0,0,2,1,16,17,2
6,6,0,0,0,82,3,3,8,8,0,0,0,0,0,0,0,0,0,14,1
22,22,57,57,57,3,0,0,5,5,7,7,31,9,8,1,15,0,132,3476,2
5,5,0,0,0,4,1,1,3,3,1,1,0,0,0,0,0,0,6,19,1
7,7,4,4,4,11,22,22,8,8,2,2,1,0,5,0,2,0,23,30,1
25,25,47,47,47,6,2,2,4,4,3,3,50,0,40,0,10,0,66,37,0
7,7,1,1,1,7,17,17,5,5,2,2,67,4,43,2,16,2,46,30,1
2,2,0,0,0,8,3,3,6,6,1,1,0,0,0,0,0,0,0,14,1
13,13,82,82,82,7,17,17,5,5,2,2,2348,1,517,9,34,17,69,27,1
9,9,0,0,0,3,1,1,3,3,2,2,1,0,0,0,0,0,10,31,1
7,7,0,0,0,4,9,9,9,9,0,0,0,0,0,0,0,0,0,17,0
6,6,0,0,0,7,17,17,5,5,0,0,0,0,0,0,0,0,0,14,1
33,33,53,53,53,8,8,8,5,5,6,6,2806,241,732,28,101,57,320,122,0
8,8,4,4,4,8,42,42,5,5,2,2,2841,2,0,10,16,15,56,28,1
20,20,6,6,6,6,1,1,6,6,9,9,190,40,43,0,46,0,295,3613,0
4,4,0,0,0,17,47,47,7,7,1,1,0,0,0,0,0,0,0,14,1
21,21,29,29,29,7,5,5,4,4,4,4,104,3,54,3,24,1,196,40,0
2,2,0,0,0,3,1,1,3,3,2,2,1,0,0,0,0,0,7,19,1
3,3,2,2,2,13,4,4,5,5,2,2,6,0,0,0,1,0,19,19,2
7,7,0,0,0,7,17,17,5,5,0,0,0,0,0,0,0,0,0,14,1
19,19,6,6,6,6,1,1,6,6,9,9,190,40,43,0,46,0,294,4629,0
18,18,253,253,253,16,26,26,4,4,2,2,39,123,19,245,28,2338,73,2483,0
4,4,1,1,1,6,2,2,4,4,2,2,0,0,0,0,0,0,8,19,0
11,11,55,55,55,10,0,0,4,4,1,1,27,10,0,0,1,1,46,19,0
4,4,0,0,0,4,1,1,3,3,1,1,0,0,0,0,0,0,6,19,1
8,8,0,0,0,7,34,34,7,7,2,2,2955,1,1,5,17,15,58,18,1
33,33,185,185,185,4,3,3,4,4,15,15,3065,1134,742,1679,50,634,398,782,0
3,3,2,2,2,13,4,4,5,5,2,2,6,0,0,0,1,0,19,19,2
31,31,227,227,227,1,0,0,5,5,3,3,1195,273,175,237,97,4412,170,9299,0
5,5,0,0,0,8,3,3,6,6,0,0,0,0,0,0,0,0,0,14,1
38,38,221,221,221,4,9,9,9,9,7,7,644,531,232,503,21,1519,268,2066,0
11,11,35,35,35,3,21,21,5,5,4,4,764,15,67,6,55,8,119,119,1
8,8,0,0,0,9,11,11,5,5,0,0,0,0,0,0,0,0,0,17,1
4,4,0,0,0,82,3,3,8,8,1,1,0,0,0,0,0,0,0,14,1
7,7,0,0,0,9,11,11,5,5,0,0,0,0,0,0,0,0,0,17,1
23,23,213,213,213,4,10,10,5,5,5,5,45,978,17,974,27,1029,133,1060,0
11,11,35,35,35,3,21,21,5,5,3,3,760,15,64,6,49,8,90,118,1
6,6,2,2,2,7,5,5,4,4,2,2,0,0,0,0,0,0,8,17,0
6,6,0,0,0,12,3,3,7,7,0,0,0,0,0,0,0,0,0,14,1
17,17,60,60,60,10,11,11,5,5,4,4,264,4,306,9,70,5,188,33,1
4,4,0,0,0,26,6,6,7,7,0,0,0,0,0,0,0,0,0,14,1
52,52,377,377,377,4,9,9,9,9,22,22,3363,1060,985,1004,90,2941,1105,3972,0
21,21,29,29,29,7,5,5,4,4,4,4,104,3,54,3,24,1,196,40,0
17,17,213,213,213,16,26,26,4,4,2,2,39,115,19,229,28,2055,73,2195,0
7,7,0,0,0,17,47,47,7,7,0,0,0,0,0,0,0,0,0,14,1
4,4,0,0,0,82,3,3,8,8,1,1,0,0,0,0,0,0,0,14,1
12,12,10,10,10,4,1,1,4,4,2,2,0,0,0,0,0,0,14,22,2
7,7,0,0,0,3,21,21,5,5,2,2,4,0,4,5,12,0,28,110,1
34,34,163,163,163,4,1,1,4,4,8,8,121,1133,61,1,14,5,204,51,2
37,37,58,58,58,8,8,8,5,5,8,8,2797,247,739,28,104,52,381,126,0
33,33,141,141,141,4,1,1,4,4,7,7,121,1133,61,1,14,5,200,53,2
3,3,0,0,0,26,6,6,7,7,1,1,0,0,0,0,0,0,0,14,1
6,6,0,0,0,12,3,3,7,7,1,1,0,0,0,0,0,0,0,25,1
24,24,211,211,211,16,26,26,4,4,2,2,42,174,20,348,17,4535,68,4748,0
7,7,4,4,4,11,22,22,8,8,2,2,2,0,4,0,1,0,21,18,1
1,1,0,0,0,4,1,1,3,3,2,2,0,0,0,0,0,0,5,19,1
14,14,82,82,82,7,17,17,5,5,2,2,2348,1,517,9,34,17,69,27,1
4,4,0,0,0,4,1,1,3,3,1,1,0,0,0,0,0,0,6,19,1
6,6,0,0,0,7,1,1,3,3,1,1,48,0,0,0,8,0,15,18,0
18,18,51,51,51,6,2,2,4,4,3,3,5,0,0,0,13,0,54,25,0
28,28,220,220,220,1,0,0,5,5,3,3,1175,181,175,221,84,3527,157,7385,0
4,4,4,4,4,11,22,22,8,8,2,2,2,0,4,0,1,0,21,18,1
30,30,106,106,106,4,10,10,5,5,5,5,52,1179,27,3078,19,3013,128,3164,0
7,7,0,0,0,3,21,21,5,5,2,2,4,0,4,5,12,0,28,112,1
5,5,0,0,0,7,17,17,5,5,0,0,0,0,0,0,0,0,0,14,1
5,5,0,0,0,10,1,1,5,5,2,2,3,0,2,0,2,0,14,18,0
19,19,8,8,8,7,1,1,3,3,5,5,95,29,25,1,13,2,142,30,0
20,20,5,5,5,6,1,1,6,6,4,4,43,451,4,2140,8,2165,91,2206,0
6,6,2,2,2,4,1,1,5,5,2,2,67,0,0,0,3,0,20,19,0
9,9,3,3,3,9,11,11,5,5,2,2,9,0,26,0,13,0,37,18,1
4,4,2,2,2,4,1,1,5,5,2,2,54,0,79,0,5,0,15,19,0
17,17,214,214,214,16,26,26,4,4,2,2,39,62,19,123,28,1219,73,1306,0
14,14,57,57,57,7,17,17,5,5,4,4,2509,28,571,834,42,26,184,907,1
4,4,3,3,3,3,11,11,3,3,2,2,13,5,1,0,1,0,19,18,1
6,6,0,0,0,17,47,47,7,7,0,0,0,0,0,0,0,0,0,14,1
7,7,1,1,1,3,11,11,7,7,1,1,0,0,0,0,1,0,11,19,0
6,6,1,1,1,3,11,11,7,7,2,2,0,0,0,0,1,0,13,19,0
11,11,0,0,0,10,1,1,5,5,2,2,1,0,1,0,1,0,12,30,0
40,40,204,204,204,4,9,9,9,9,7,7,25,220,12,212,6,544,225,0,0
5,5,2,2,2,7,5,5,4,4,2,2,0,0,0,0,0,0,8,19,0
17,17,207,207,207,16,26,26,4,4,2,2,39,44,19,87,28,801,73,879,0
7,7,1,1,1,3,11,11,7,7,1,1,0,0,0,0,1,0,11,19,0
11,11,11,11,11,3,0,0,5,5,1,1,88,0,0,1,8,0,30,21,2
5,5,0,0,0,11,22,22,8,8,0,0,0,0,0,0,0,0,0,17,1
15,15,24,24,24,7,5,5,4,4,4,4,214,0,43,0,34,0,167,23,0
2,2,0,0,0,8,3,3,6,6,1,1,0,0,0,0,0,0,0,14,1
31,31,141,141,141,4,1,1,4,4,7,7,121,1133,61,1,14,5,200,0,2
14,14,24,24,24,7,5,5,4,4,4,4,214,0,43,0,34,0,167,23,0
3,3,0,0,0,3,1,1,3,3,2,2,1,0,0,0,0,0,7,19,1
28,28,112,112,112,1,0,0,5,5,2,2,146,802,58,802,19,9292,73,13991,0
23,23,220,220,220,4,10,10,5,5,5,5,45,1019,17,1351,27,1419,133,1449,0
6,6,0,0,0,4,1,1,3,3,1,1,0,0,0,0,0,0,6,19,1
7,7,0,0,0,3,21,21,5,5,0,0,0,0,0,0,0,0,0,17,1
20,20,120,120,120,10,0,0,4,4,2,2,26,81,11,70,16,1263,65,1371,0
21,21,35,35,35,3,0,0,5,5,7,7,36,9,8,1,15,0,132,520,2
18,18,48,48,48,6,2,2,4,4,3,3,5,0,0,0,13,0,54,25,0
9,9,5,5,5,3,0,0,5,5,1,1,66,0,0,1,7,0,28,19,2
14,14,24,24,24,7,5,5,4,4,4,4,214,0,43,0,34,0,167,23,0
6,6,0,0,0,26,6,6,7,7,1,1,0,0,0,0,0,0,0,25,1
9,9,5,5,5,7,34,34,7,7,2,2,2289,5,475,10,36,15,68,28,1
31,31,141,141,141,4,1,1,4,4,7,7,121,1133,61,1,14,5,200,47,2
31,31,217,217,217,4,10,10,5,5,5,5,52,1179,27,3254,19,3190,128,3337,0
2,2,0,0,0,10,5,5,3,3,1,1,0,0,0,0,0,0,0,17,1
17,17,159,159,159,1,0,0,3,3,2,2,28,178,2,170,10,3159,62,3351,0
14,14,1,1,1,11,17,17,6,6,2,2,5,0,4,0,4,0,32,31,1
14,14,107,107,107,16,26,26,4,4,2,2,142,28,5,55,17,276,61,318,0
8,8,0,0,0,4,3,3,4,4,0,0,0,0,0,0,0,0,0,15,0
10,10,5,5,5,3,0,0,5,5,1,1,66,0,0,1,7,0,28,20,2
9,9,0,0,0,3,1,1,3,3,2,2,1,0,0,0,0,0,10,31,1
20,20,50,50,50,3,0,0,5,5,7,7,31,9,8,1,15,0,132,650,2
5,5,0,0,0,12,3,3,7,7,0,0,0,0,0,0,0,0,0,14,1
22,22,5,5,5,6,1,1,6,6,4,4,43,452,4,2279,8,2307,91,2348,0
28,28,175,175,175,4,3,3,4,4,13,13,3081,1133,746,1669,46,629,320,766,0
35,35,95,95,95,8,8,8,5,5,7,7,2750,237,729,28,102,51,335,118,0
18,18,197,197,197,1,0,0,3,3,2,2,28,97,2,89,10,1596,62,1709,0
6,6,0,0,0,13,4,4,5,5,2,2,0,0,0,0,1,0,11,18,2
10,10,4,4,4,7,34,34,7,7,2,2,2963,1,9,10,28,15,63,25,1
6,6,0,0,0,4,1,1,3,3,2,2,1,0,0,0,0,0,11,31,1
8,8,2,2,2,7,5,5,4,4,2,2,0,0,0,0,0,0,8,19,0
21,21,153,153,153,1,0,0,3,3,2,2,49,216,3,212,7,2291,52,2631,0
23,23,218,218,218,4,10,10,5,5,5,5,45,1952,17,4671,27,4838,133,4889,0
6,6,0,0,0,7,17,17,5,5,0,0,0,0,0,0,0,0,0,14,1
8,8,3,3,3,8,42,42,5,5,2,2,2289,6,467,10,26,16,67,28,1
7,7,0,0,0,8,3,3,6,6,0,0,0,0,0,0,0,0,0,14,1
5,5,0,0,0,17,47,47,7,7,1,1,0,0,0,0,0,0,0,14,1
8,8,4,4,4,8,42,42,5,5,2,2,2841,2,0,10,16,15,56,28,1
4,4,0,0,0,10,1,1,5,5,2,2,3,0,2,0,2,0,13,18,0
4,4,0,0,0,26,6,6,7,7,0,0,0,0,0,0,0,0,0,14,1
43,43,313,313,313,4,3,3,4,4,29,29,3807,1255,795,1773,68,638,824,793,0
7,7,0,0,0,3,21,21,5,5,1,1,0,0,0,0,0,0,0,26,1
6,6,1,1,1,3,11,11,7,7,1,1,0,0,0,0,1,0,11,19,0
3,3,0,0,0,26,6,6,7,7,1,1,0,0,0,0,0,0,0,14,1
23,23,56,56,56,3,0,0,5,5,8,8,36,9,8,1,15,0,145,1440,2
4,4,0,0,0,17,47,47,7,7,1,1,0,0,0,0,0,0,0,14,1
11,11,3,3,3,9,11,11,5,5,2,2,7,0,7,0,11,0,38,30,1
7,7,0,0,0,3,21,21,5,5,0,0,0,0,0,0,0,0,0,17,1
15,15,52,52,52,1,0,0,3,3,2,2,7,47,2,39,9,456,54,513,0
5,5,0,0,0,17,47,47,7,7,1,1,0,0,0,0,0,0,0,14,1
10,10,0,0,0,4,1,1,5,5,2,2,60,0,75,0,4,0,23,31,0
6,6,0,0,0,11,22,22,8,8,0,0,0,0,0,0,0,0,0,17,1
25,25,25,25,25,3,0,0,5,5,7,7,25,13,11,1,14,0,123,1026,2
6,6,0,0,0,12,3,3,7,7,1,1,0,0,0,0,0,0,0,25,1
6,6,0,0,0,6,1,1,6,6,3,3,11,5,0,0,0,0,38,3299,0
3,3,2,2,2,13,4,4,5,5,2,2,6,0,0,0,1,0,19,19,2
22,22,7,7,7,6,1,1,6,6,7,7,169,35,85,3,23,4,211,0,0
4,4,0,0,0,7,10,10,5,5,0,0,0,0,0,0,0,0,0,17,1
13,13,46,46,46,1,0,0,3,3,2,2,7,44,2,36,9,221,54,273,0
3,3,2,2,2,13,4,4,5,5,2,2,6,0,0,0,1,0,19,19,2
3,3,3,3,3,3,11,11,3,3,2,2,13,5,1,0,1,0,20,18,1
8,8,0,0,0,4,3,3,4,4,0,0,0,0,0,0,0,0,0,17,0
3,3,0,0,0,12,3,3,7,7,1,1,0,0,0,0,0,0,0,14,1
36,36,79,79,79,8,8,8,5,5,8,8,3808,231,22,38,83,66,343,161,0
6,6,0,0,0,7,1,1,3,3,1,1,48,0,0,0,8,0,15,16,0
5,5,0,0,0,10,5,5,3,3,0,0,0,0,0,0,0,0,0,17,1
9,9,3,3,3,7,10,10,5,5,3,3,2232,7,327,19,33,21,128,36,1
5,5,0,0,0,9,11,11,5,5,0,0,0,0,0,0,0,0,0,17,1
6,6,0,0,0,12,3,3,7,7,0,0,0,0,0,0,0,0,0,14,1
6,6,0,0,0,26,6,6,7,7,1,1,0,0,0,0,0,0,0,25,1
8,8,0,0,0,3,21,21,5,5,0,0,0,0,0,0,0,0,0,17,1
7,7,4,4,4,8,42,42,5,5,2,2,2948,2,0,10,16,15,57,28,1
4,4,0,0,0,7,1,1,3,3,1,1,48,0,0,0,8,0,16,18,0
5,5,0,0,0,7,17,17,5,5,0,0,0,0,0,0,0,0,0,14,1
8,8,3,3,3,9,11,11,5,5,2,2,9,0,26,0,13,0,37,18,1
8,8,0,0,0,3,21,21,5,5,1,1,0,0,0,0,0,0,0,26,1
7,7,53,53,53,14,9,9,5,5,2,2,0,0,0,0,2,1,16,17,2
5,5,1,1,1,6,2,2,4,4,2,2,0,0,0,0,0,0,8,19,0
5,5,0,0,0,6,1,1,6,6,3,3,11,5,0,0,0,0,38,5334,0
6,6,0,0,0,7,17,17,5,5,0,0,0,0,0,0,0,0,0,14,1
10,10,0,0,0,4,1,1,5,5,2,2,60,0,75,0,4,0,23,31,0
2,2,0,0,0,8,3,3,6,6,1,1,0,0,0,0,0,0,0,14,1
11,11,7,7,7,1,0,0,5,5,1,1,2947,4,0,0,26,12,58,22,0
16,16,121,121,121,16,26,26,4,4,2,2,143,74,5,147,17,1349,61,1448,0
5,5,2,2,2,4,1,1,5,5,2,2,67,0,0,0,3,0,20,19,0
8,8,0,0,0,7,1,1,3,3,1,1,48,0,0,0,8,0,16,18,0
11,11,4,4,4,7,10,10,5,5,3,3,65,7,66,19,22,9,107,46,1
19,19,6,6,6,6,1,1,6,6,9,9,190,40,43,0,46,0,295,7579,0
3,3,0,0,0,26,6,6,7,7,1,1,0,0,0,0,0,0,0,14,1
4,4,0,0,0,26,6,6,7,7,0,0,0,0,0,0,0,0,0,14,1
24,24,201,201,201,16,26,26,4,4,2,2,42,40,20,80,17,1860,68,1935,0
11,11,4,4,4,7,10,10,5,5,3,3,65,7,66,19,22,9,107,46,1
1,1,0,0,0,10,5,5,3,3,1,1,0,0,0,0,0,0,0,17,1
5,5,0,0,0,7,17,17,5,5,0,0,0,0,0,0,0,0,0,14,1
30,30,11,11,11,6,1,1,6,6,8,8,196,247,96,237,29,234,263,293,0
3,3,2,2,2,13,4,4,5,5,2,2,6,0,0,0,1,0,19,19,2
26,26,172,172,172,4,3,3,4,4,11,11,2394,530,401,632,39,164,275,243,0
10,10,5,5,5,7,34,34,7,7,2,2,2288,1,475,10,36,14,68,28,1
13,13,57,57,57,7,17,17,5,5,4,4,2509,28,571,834,42,26,184,911,1
28,28,177,177,177,4,3,3,4,4,12,12,3048,1208,748,1759,48,635,328,782,0
10,10,4,4,4,7,34,34,7,7,2,2,2854,1,9,10,28,15,61,28,1
5,5,0,0,0,10,1,1,5,5,2,2,3,0,2,0,2,0,13,18,0
11,11,4,4,4,7,10,10,5,5,3,3,65,7,66,19,22,9,104,46,1
30,30,46,46,46,4,1,1,4,4,6,6,2291,12,418,1,38,17,221,40,2
22,22,45,45,45,10,11,11,5,5,4,4,168,1,275,9,44,8,190,45,1
1,1,0,0,0,4,1,1,3,3,2,2,0,0,0,0,0,0,5,19,1
34,34,143,143,143,4,1,1,4,4,6,6,266,1571,188,1,37,6,217,39,2
5,5,0,0,0,7,1,1,3,3,1,1,48,0,0,0,8,0,16,16,0
7,7,53,53,53,14,9,9,5,5,2,2,0,0,0,0,2,1,18,29,2
10,10,0,0,0,4,1,1,5,5,2,2,60,0,75,0,4,0,23,31,0
7,7,0,0,0,4,3,3,4,4,0,0,0,0,0,0,0,0,0,17,0
23,23,135,135,135,1,0,0,5,5,2,2,127,201,49,417,15,3883,68,3538,0
5,5,0,0,0,7,10,10,5,5,0,0,0,0,0,0,0,0,0,17,1
5,5,0,0,0,10,5,5,3,3,0,0,0,0,0,0,0,0,0,17,1
7,7,1,1,1,7,17,17,5,5,2,2,67,4,43,2,16,2,46,29,1
3,3,3,3,3,3,11,11,3,3,2,2,19,5,3,0,1,0,15,18,1
4,4,0,0,0,82,3,3,8,8,1,1,0,0,0,0,0,0,0,14,1
11,11,107,107,107,16,26,26,4,4,2,2,34,0,5,0,10,0,49,16,0
15,15,20,20,20,10,0,0,4,4,1,1,27,10,0,0,1,1,46,19,0
7,7,0,0,0,12,3,3,7,7,0,0,0,0,0,0,0,0,0,14,1
6,6,0,0,0,8,3,3,6,6,1,1,0,0,0,0,0,0,0,25,1
13,13,84,84,84,7,17,17,5,5,2,2,2351,5,518,9,34,18,71,27,1
7,7,53,53,53,14,9,9,5,5,2,2,0,0,0,0,2,1,16,17,2
9,9,1,1,1,6,31,31,3,3,2,2,6,0,8,0,3,0,30,30,1
4,4,0,0,0,8,3,3,6,6,0,0,0,0,0,0,0,0,0,14,1
24,24,180,180,180,3,3,3,4,4,2,2,52,394,63,742,32,9,86,6998,0
11,11,4,4,4,7,10,10,5,5,3,3,65,7,66,19,22,9,104,46,1
2,2,0,0,0,8,3,3,6,6,1,1,0,0,0,0,0,0,0,14,1
19,19,6,6,6,6,1,1,6,6,9,9,190,40,43,0,46,0,294,8521,0
4,4,0,0,0,4,1,1,3,3,1,1,0,0,0,0,0,0,6,19,1
10,10,0,0,0,3,3,3,4,4,1,1,0,0,0,0,0,0,0,0,0
13,13,3,3,3,8,42,42,5,5,2,2,54,6,32,10,12,3,62,38,1
8,8,1,1,1,7,17,17,5,5,2,2,67,4,43,2,16,2,46,30,1
8,8,4,4,4,8,42,42,5,5,2,2,2841,2,0,10,16,15,56,28,1
32,32,143,143,143,4,1,1,4,4,6,6,265,2083,187,1,36,6,216,0,2
18,18,212,212,212,16,26,26,4,4,2,2,39,111,19,221,28,1980,73,2129,0
4,4,0,0,0,13,4,4,5,5,2,2,0,0,0,0,1,0,11,18,2
13,13,13,13,13,10,0,0,4,4,1,1,27,11,0,0,1,1,46,19,0
7,7,0,0,0,12,3,3,7,7,1,1,0,0,0,0,0,0,0,25,1
14,14,24,24,24,7,5,5,4,4,4,4,214,0,43,0,34,0,167,23,0
11,11,47,47,47,1,0,0,3,3,2,2,7,24,2,24,9,63,54,103,0
4,4,4,4,4,11,22,22,8,8,2,2,2,0,4,0,1,0,21,18,1
28,28,113,113,113,1,0,0,5,5,2,2,148,802,60,802,20,8755,75,10204,0
21,21,122,122,122,10,0,0,4,4,2,2,26,183,11,133,17,2477,66,2659,0
10,10,0,0,0,3,1,1,3,3,2,2,1,0,0,0,0,0,10,31,1
35,35,220,220,220,4,9,9,9,9,7,7,655,637,271,611,21,1805,267,2457,0
5,5,0,0,0,17,47,47,7,7,1,1,0,0,0,0,0,0,0,14,1
14,14,1,1,1,11,17,17,6,6,2,2,5,0,4,0,4,0,32,31,1
5,5,53,53,53,14,9,9,5,5,2,2,0,0,0,0,3,1,18,17,2
4,4,0,0,0,17,47,47,7,7,1,1,0,0,0,0,0,0,0,14,1
10,10,3,3,3,7,10,10,5,5,3,3,2232,7,328,19,33,21,128,36,1
33,33,143,143,143,4,1,1,4,4,6,6,265,2128,187,1,36,6,216,39,2
14,14,57,57,57,7,17,17,5,5,4,4,2500,24,569,834,42,25,182,900,1
19,19,8,8,8,7,1,1,3,3,5,5,60,14,17,1,12,2,132,43,0
7,7,3,3,3,8,42,42,5,5,2,2,2288,2,467,10,26,15,66,28,1
18,18,8,8,8,7,1,1,3,3,5,5,94,29,25,1,13,2,143,30,0
11,11,13,13,13,1,0,0,5,5,1,1,3073,4,0,0,27,12,60,22,0
3,3,0,0,0,12,3,3,7,7,1,1,0,0,0,0,0,0,0,14,1
18,18,47,47,47,6,2,2,4,4,3,3,5,0,0,0,13,0,54,25,0
5,5,2,2,2,4,1,1,5,5,2,2,67,0,0,0,3,0,20,19,0
20,20,70,70,70,10,11,11,5,5,4,4,269,4,305,5,54,3,175,31,1
8,8,1,1,1,3,11,11,7,7,2,2,1,0,0,0,1,0,16,31,0
6,6,2,2,2,4,1,1,5,5,2,2,67,0,0,0,3,0,20,19,0
9,9,71,71,71,3,3,3,4,4,2,2,29,0,1,0,17,1,41,24,0
6,6,1,1,1,11,17,17,6,6,2,2,4,0,0,0,3,0,24,19,1
14,14,34,34,34,1,0,0,3,3,2,2,7,15,2,15,9,33,54,63,0
17,17,98,98,98,10,11,11,5,5,4,4,266,4,299,5,49,3,172,31,1
7,7,0,0,0,3,21,21,5,5,0,0,0,0,0,0,0,0,0,17,1
7,7,4,4,4,8,42,42,5,5,2,2,2948,2,0,10,16,15,57,28,1
10,10,3,3,3,3,11,11,3,3,2,2,16,4,3,0,1,0,16,30,1
4,4,0,0,0,7,10,10,5,5,0,0,0,0,0,0,0,0,0,17,1
20,20,5,5,5,6,1,1,6,6,4,4,43,403,4,1230,8,1256,91,1303,0
18,18,8,8,8,7,1,1,3,3,5,5,95,29,25,1,13,2,143,30,0
8,8,4,4,4,8,42,42,5,5,2,2,2948,2,0,10,16,15,57,28,1
4,4,0,0,0,17,47,47,7,7,1,1,0,0,0,0,0,0,0,14,1
29,29,114,114,114,4,10,10,5,5,5,5,52,1179,27,3092,19,3056,128,3176,0
3,3,0,0,0,26,6,6,7,7,1,1,0,0,0,0,0,0,0,14,1
21,21,9,9,9,7,1,1,3,3,5,5,60,14,17,1,12,2,133,0,0
21,21,29,29,29,7,5,5,4,4,4,4,104,3,54,3,24,1,196,40,0
9,9,2,2,2,6,31,31,3,3,2,2,11,0,27,0,6,0,33,18,1
10,10,5,5,5,3,0,0,5,5,1,1,66,0,0,1,7,0,28,23,2
7,7,53,53,53,14,9,9,5,5,2,2,0,0,0,0,2,1,16,17,2
37,37,65,65,65,8,8,8,5,5,8,8,3913,263,23,26,81,59,375,133,0
9,9,0,0,0,3,21,21,5,5,0,0,0,0,0,0,0,0,0,26,1
4,4,0,0,0,17,47,47,7,7,1,1,0,0,0,0,0,0,0,14,1
13,13,57,57,57,7,17,17,5,5,4,4,2500,24,569,834,42,25,182,910,1
12,12,13,13,13,1,0,0,5,5,1,1,3073,4,0,0,27,12,60,22,0
5,5,3,3,3,3,11,11,3,3,2,2,13,5,1,0,1,0,19,18,1
22,22,44,44,44,10,11,11,5,5,4,4,168,1,275,9,44,8,190,45,1
5,5,0,0,0,7,10,10,5,5,0,0,0,0,0,0,0,0,0,15,1
8,8,53,53,53,14,9,9,5,5,2,2,0,0,0,0,2,1,15,17,2
3,3,0,0,0,12,3,3,7,7,1,1,0,0,0,0,0,0,0,14,1
28,28,172,172,172,4,3,3,4,4,11,11,2493,617,496,722,39,176,285,254,0
6,6,2,2,2,6,31,31,3,3,2,2,11,0,27,0,6,0,33,18,1
6,6,1,1,1,10,1,1,5,5,2,2,19,0,0,0,2,0,23,20,0
5,5,0,0,0,26,6,6,7,7,0,0,0,0,0,0,0,0,0,14,1
14,14,84,84,84,7,17,17,5,5,2,2,2351,5,518,9,34,18,71,27,1
9,9,0,0,0,9,11,11,5,5,0,0,0,0,0,0,0,0,0,17,1
9,9,3,3,3,7,10,10,5,5,3,3,2232,7,327,19,33,21,128,36,1
7,7,0,0,0,7,1,1,3,3,1,1,48,0,0,0,8,0,16,18,0
5,5,2,2,2,4,1,1,5,5,2,2,54,0,79,0,5,0,15,19,0
7,7,0,0,0,17,47,47,7,7,1,1,0,0,0,0,0,0,0,25,1
7,7,1,1,1,10,1,1,5,5,2,2,19,0,0,0,2,0,23,20,0
3,3,2,2,2,13,4,4,5,5,2,2,6,0,0,0,1,0,19,17,2
6,6,0,0,0,7,10,10,5,5,0,0,0,0,0,0,0,0,0,17,1
18,18,251,251,251,16,26,26,4,4,2,2,39,123,19,245,28,2570,73,2717,0
2,2,0,0,0,3,1,1,3,3,2,2,1,0,0,0,0,0,7,19,1
16,16,59,59,59,10,11,11,5,5,4,4,265,4,308,9,70,5,188,33,1
6,6,0,0,0,26,6,6,7,7,1,1,0,0,0,0,0,0,0,25,1
18,18,159,159,159,16,26,26,4,4,2,2,143,125,5,249,17,2323,61,2469,0
4,4,0,0,0,13,4,4,5,5,2,2,0,0,0,0,1,0,11,18,2
5,5,4,4,4,11,22,22,8,8,2,2,2,0,4,0,1,0,21,18,1
6,6,0,0,0,7,17,17,5,5,0,0,0,0,0,0,0,0,0,14,1
3,3,0,0,0,12,3,3,7,7,1,1,0,0,0,0,0,0,0,14,1
4,4,0,0,0,8,3,3,6,6,0,0,0,0,0,0,0,0,0,14,1
10,10,0,0,0,13,4,4,5,5,2,2,49,0,12,0,3,0,20,30,2
7,7,0,0,0,82,3,3,8,8,1,1,0,0,0,0,0,0,0,25,1
20,20,63,63,63,10,11,11,5,5,4,4,266,4,302,5,49,3,174,32,1
15,15,63,63,63,1,0,0,3,3,2,2,7,98,2,89,9,1572,54,1682,0
28,28,222,222,222,1,0,0,5,5,3,3,1271,262,187,236,94,4424,162,9210,0
35,35,199,199,199,10,0,0,4,4,14,14,828,316,344,212,34,4351,321,8978,0
6,6,2,2,2,6,31,31,3,3,2,2,11,0,27,0,6,0,33,18,1
28,28,113,113,113,1,0,0,5,5,2,2,145,802,57,802,19,8935,73,12550,0
7,7,1,1,1,11,17,17,6,6,2,2,5,0,0,0,3,0,23,19,1
20,20,177,177,177,3,3,3,4,4,2,2,52,123,63,246,32,4,85,2586,0
20,20,156,156,156,1,0,0,3,3,2,2,28,747,2,572,10,4820,62,5581,0
18,18,87,87,87,6,2,2,4,4,3,3,5,0,0,0,13,0,54,25,0
36,36,62,62,62,8,8,8,5,5,8,8,3907,263,23,26,82,59,367,133,0
15,15,24,24,24,7,5,5,4,4,4,4,214,0,43,0,34,0,167,23,0
18,18,49,49,49,6,2,2,4,4,3,3,5,0,0,0,13,0,54,25,0
6,6,0,0,0,4,1,1,3,3,1,1,0,0,0,0,0,0,6,19,1
7,7,0,0,0,3,21,21,5,5,0,0,0,0,0,0,0,0,0,17,1
10,10,0,0,0,4,1,1,5,5,2,2,60,0,75,0,4,0,23,39,0
21,21,29,29,29,7,5,5,4,4,4,4,104,3,54,3,24,1,196,40,0
18,18,8,8,8,7,1,1,3,3,5,5,95,29,25,1,13,2,144,30,0
14,14,84,84,84,7,17,17,5,5,2,2,2351,5,518,9,34,18,71,27,1
10,10,7,7,7,1,0,0,5,5,1,1,2947,4,0,0,26,12,58,22,0
3,3,1,1,1,3,11,11,7,7,2,2,0,0,0,0,1,0,13,19,0
4,4,0,0,0,10,1,1,5,5,2,2,3,0,2,0,2,0,13,18,0
9,9,5,5,5,7,34,34,7,7,2,2,2288,1,475,10,36,14,68,28,1
7,7,3,3,3,8,42,42,5,5,2,2,2288,2,467,10,26,15,66,28,1
15,15,2,2,2,7,34,34,7,7,2,2,108,5,47,7,20,2,56,35,1
3,3,3,3,3,3,11,11,3,3,2,2,13,5,1,0,1,0,20,18,1
20,20,120,120,120,10,0,0,4,4,2,2,25,191,11,176,16,3792,64,4013,0
4,4,0,0,0,8,3,3,6,6,0,0,0,0,0,0,0,0,0,14,1
4,4,4,4,4,11,22,22,8,8,2,2,2,0,4,0,1,0,21,18,1
44,44,238,238,238,4,3,3,4,4,24,24,1017,1227,692,3384,47,2237,747,0,0
7,7,0,0,0,26,6,6,7,7,1,1,0,0,0,0,0,0,0,25,1
6,6,53,53,53,14,9,9,5,5,2,2,0,0,0,0,2,1,16,17,2
5,5,0,0,0,7,34,34,7,7,2,2,2844,1,1,5,16,15,54,18,1
34,34,17,17,17,6,1,1,6,6,8,8,244,293,152,1950,38,1838,283,2024,0
4,4,0,0,0,26,6,6,7,7,1,1,0,0,0,0,0,0,0,14,1
3,3,0,0,0,26,6,6,7,7,1,1,0,0,0,0,0,0,0,14,1
24,24,10,10,10,6,1,1,6,6,7,7,214,36,131,5,30,7,226,4328,0
17,17,197,197,197,16,26,26,4,4,2,2,39,35,19,69,28,576,73,628,0
7,7,3,3,3,9,11,11,5,5,2,2,9,0,26,0,13,0,37,18,1
8,8,0,0,0,17,47,47,7,7,0,0,0,0,0,0,0,0,0,25,1
4,4,0,0,0,7,17,17,5,5,0,0,0,0,0,0,0,0,0,14,1
18,18,156,156,156,1,0,0,3,3,2,2,28,181,2,173,10,3246,62,3444,0
4,4,0,0,0,10,5,5,3,3,0,0,0,0,0,0,0,0,0,17,1
20,20,33,33,33,3,0,0,5,5,7,7,31,9,8,1,15,0,132,1922,2
8,8,1,1,1,10,1,1,5,5,2,2,14,0,0,0,2,0,23,18,0
4,4,0,0,0,17,47,47,7,7,1,1,0,0,0,0,0,0,0,14,1
21,21,29,29,29,7,5,5,4,4,4,4,104,3,54,3,24,1,196,40,0
7,7,1,1,1,11,17,17,6,6,2,2,5,0,0,0,3,0,23,19,1
21,21,9,9,9,7,1,1,3,3,5,5,61,14,17,1,12,2,133,0,0
8,8,0,0,0,4,3,3,4,4,0,0,0,0,0,0,0,0,0,17,0
4,4,1,1,1,6,2,2,4,4,2,2,0,0,0,0,0,0,8,19,0
8,8,0,0,0,3,21,21,5,5,0,0,0,0,0,0,0,0,0,17,1
20,20,8,8,8,7,1,1,3,3,5,5,95,29,25,1,13,2,143,30,0
29,29,45,45,45,8,8,8,5,5,4,4,2655,216,556,25,88,50,254,102,0
1,1,0,0,0,10,5,5,3,3,1,1,0,0,0,0,0,0,0,17,1
24,24,212,212,212,4,10,10,5,5,5,5,45,1493,17,2494,27,2592,134,2639,0
9,9,0,0,0,3,3,3,4,4,1,1,0,0,0,0,0,0,0,0,0
4,4,0,0,0,3,1,1,3,3,2,2,1,0,0,0,0,0,7,19,1
4,4,0,0,0,17,47,47,7,7,1,1,0,0,0,0,0,0,0,14,1
10,10,3,3,3,3,11,11,3,3,2,2,16,4,3,0,1,0,16,30,1
6,6,1,1,1,3,11,11,7,7,1,1,0,0,0,0,1,0,11,19,0
18,18,59,59,59,10,11,11,5,5,4,4,264,4,306,9,70,5,188,33,1
11,11,4,4,4,7,10,10,5,5,3,3,65,7,66,19,22,9,104,46,1
7,7,0,0,0,82,3,3,8,8,0,0,0,0,0,0,0,0,0,14,1
7,7,0,0,0,4,3,3,4,4,0,0,0,0,0,0,0,0,0,17,0
1,1,0,0,0,10,5,5,3,3,1,1,0,0,0,0,0,0,0,17,1
12,12,16,16,16,10,0,0,4,4,1,1,27,10,0,0,1,1,46,19,0
30,30,353,353,353,3,21,21,5,5,14,14,3068,29,237,33,121,48,770,213,1
3,3,0,0,0,7,10,10,5,5,0,0,0,0,0,0,0,0,0,17,1
5,5,0,0,0,8,3,3,6,6,0,0,0,0,0,0,0,0,0,14,1
17,17,59,59,59,10,11,11,5,5,4,4,265,4,308,9,70,5,188,33,1
8,8,0,0,0,3,21,21,5,5,0,0,0,0,0,0,0,0,0,17,1
11,11,14,14,14,10,0,0,4,4,1,1,27,10,0,0,1,1,46,19,0
7,7,0,0,0,3,21,21,5,5,0,0,0,0,0,0,0,0,0,26,1
20,20,176,176,176,3,3,3,4,4,2,2,52,72,63,144,32,4,85,1469,0
9,9,5,5,5,7,34,34,7,7,2,2,2289,5,475,10,36,15,68,28,1
10,10,10,10,10,4,1,1,4,4,2,2,0,0,0,0,0,0,14,22,2
32,32,143,143,143,4,1,1,4,4,6,6,265,2124,187,1,36,6,216,39,2
7,7,4,4,4,8,42,42,5,5,2,2,2948,2,0,10,16,15,57,28,1
7,7,0,0,0,7,17,17,5,5,0,0,0,0,0,0,0,0,0,14,1
37,37,75,75,75,8,8,8,5,5,8,8,3920,234,22,38,83,64,363,159,0
19,19,70,70,70,10,11,11,5,5,4,4,266,4,302,5,49,3,174,31,1
7,7,1,1,1,11,17,17,6,6,2,2,4,0,0,0,3,0,24,19,1
4,4,0,0,0,10,5,5,3,3,0,0,0,0,0,0,0,0,0,17,1
14,14,7,7,7,10,0,0,4,4,1,1,27,10,0,0,3,2,46,20,0
4,4,4,4,4,11,22,22,8,8,2,2,2,0,4,0,1,0,21,18,1
6,6,0,0,0,7,17,17,5,5,0,0,0,0,0,0,0,0,0,14,1
22,22,64,64,64,3,0,0,5,5,7,7,31,9,8,1,15,0,132,1125,2
4,4,0,0,0,4,1,1,3,3,1,1,0,0,0,0,0,0,6,19,1
1,1,0,0,0,4,1,1,3,3,2,2,0,0,0,0,0,0,5,19,1
5,5,0,0,0,12,3,3,7,7,0,0,0,0,0,0,0,0,0,14,1
13,13,10,10,10,10,0,0,4,4,1,1,27,11,0,0,1,1,46,19,0
6,6,1,1,1,3,11,11,7,7,2,2,0,0,0,0,1,0,13,19,0
5,5,0,0,0,7,10,10,5,5,0,0,0,0,0,0,0,0,0,17,1
13,13,82,82,82,7,17,17,5,5,2,2,2348,1,516,9,34,17,69,27,1
21,21,120,120,120,1,0,0,5,5,3,3,1175,13,175,28,84,56,154,74,0
4,4,0,0,0,13,4,4,5,5,2,2,0,0,0,0,1,0,11,18,2
10,10,4,4,4,7,34,34,7,7,2,2,2856,1,9,10,28,15,61,28,1
6,6,2,2,2,4,1,1,5,5,2,2,54,0,79,0,5,0,15,19,0
23,23,216,216,216,4,10,10,5,5,5,5,45,1872,17,4801,27,4963,133,5029,0
33,33,143,143,143,4,1,1,4,4,6,6,266,1429,188,1,37,6,217,39,2
29,29,111,111,111,4,10,10,5,5,5,5,52,1179,27,3351,19,3295,128,3437,0
11,11,4,4,4,6,31,31,3,3,1,1,35,0,10,0,4,1,37,18,1
19,19,58,58,58,10,11,11,5,5,4,4,266,4,302,5,49,3,174,33,1
26,26,176,176,176,4,3,3,4,4,13,13,3037,1208,743,1759,42,634,330,729,0
4,4,3,3,3,3,11,11,3,3,2,2,19,5,3,0,1,0,15,18,1
26,26,221,221,221,1,0,0,5,5,3,3,1175,48,175,133,84,963,154,2042,0
9,9,5,5,5,7,34,34,7,7,2,2,2289,5,475,10,36,15,68,28,1
5,5,3,3,3,3,11,11,3,3,2,2,13,5,1,0,1,0,19,16,1
11,11,0,0,0,13,4,4,5,5,2,2,49,0,12,0,3,0,20,30,2
10,10,3,3,3,3,11,11,3,3,2,2,16,4,3,0,1,0,16,30,1
5,5,2,2,2,4,1,1,5,5,2,2,67,0,0,0,3,0,20,19,0
4,4,0,0,0,17,47,47,7,7,1,1,0,0,0,0,0,0,0,14,1
6,6,1,1,1,6,2,2,4,4,2,2,0,0,0,0,0,0,8,17,0
8,8,0,0,0,9,11,11,5,5,0,0,0,0,0,0,0,0,0,17,1
18,18,47,47,47,6,2,2,4,4,3,3,5,0,0,0,13,0,54,25,0
38,38,218,218,218,4,9,9,9,9,7,7,636,645,231,619,21,2769,267,3438,0
18,18,199,199,199,16,26,26,4,4,2,2,39,35,19,69,28,556,73,609,0
7,7,1,1,1,3,11,11,7,7,1,1,0,0,0,0,1,0,11,19,0
9,9,4,4,4,6,31,31,3,3,1,1,35,0,10,0,4,1,37,18,1
6,6,0,0,0,82,3,3,8,8,0,0,0,0,0,0,0,0,0,14,1
8,8,0,0,0,4,9,9,9,9,0,0,0,0,0,0,0,0,0,17,0
7,7,0,0,0,9,11,11,5,5,0,0,0,0,0,0,0,0,0,17,1
21,21,63,63,63,3,0,0,5,5,8,8,36,9,8,1,15,0,156,2067,2
9,9,0,0,0,9,11,11,5,5,0,0,0,0,0,0,0,0,0,17,1
25,25,212,212,212,16,26,26,4,4,2,2,42,111,20,222,17,3468,68,3672,0
3,3,2,2,2,13,4,4,5,5,2,2,6,0,0,0,1,0,19,19,2
13,13,7,7,7,10,0,0,4,4,1,1,27,11,0,0,3,2,45,20,0
31,31,182,182,182,4,3,3,4,4,16,16,3064,1134,741,1681,49,636,406,791,0
6,6,0,0,0,6,1,1,6,6,3,3,11,5,0,0,0,0,38,4746,0
10,10,65,65,65,3,3,3,4,4,2,2,29,0,1,0,17,1,41,21,0
25,25,257,257,257,1,0,0,5,5,3,3,1253,217,187,233,84,4270,156,8615,0
11,11,0,0,0,10,1,1,5,5,2,2,1,0,1,0,1,0,12,30,0
5,5,0,0,0,13,4,4,5,5,2,2,0,0,0,0,1,0,11,18,2
10,10,3,3,3,7,10,10,5,5,3,3,2232,7,327,19,33,21,128,36,1
7,7,0,0,0,82,3,3,8,8,0,0,0,0,0,0,0,0,0,14,1
19,19,6,6,6,6,1,1,6,6,9,9,190,40,43,0,46,0,294,11727,0
10,10,7,7,7,1,0,0,5,5,1,1,2947,4,0,0,26,12,58,22,0
10,10,0,0,0,4,1,1,5,5,2,2,60,0,75,0,4,0,23,31,0
3,3,0,0,0,10,5,5,3,3,1,1,0,0,0,0,0,0,0,17,1
3,3,0,0,0,12,3,3,7,7,1,1,0,0,0,0,0,0,0,14,1
4,4,0,0,0,12,3,3,7,7,1,1,0,0,0,0,0,0,0,14,1
5,5,0,0,0,10,1,1,5,5,2,2,3,0,2,0,2,0,13,18,0
6,6,0,0,0,7,10,10,5,5,0,0,0,0,0,0,0,0,0,17,1
20,20,187,187,187,3,3,3,4,4,2,2,59,123,63,246,32,4,86,2679,0
32,32,143,143,143,4,1,1,4,4,6,6,261,1396,184,1,37,6,217,39,2
7,7,13,13,13,1,0,0,5,5,1,1,3073,4,0,0,27,12,60,22,0
12,12,35,35,35,3,21,21,5,5,4,4,762,15,66,6,54,8,115,120,1
8,8,3,3,3,8,42,42,5,5,2,2,2288,2,467,10,26,15,66,28,1
35,35,193,193,193,8,8,8,5,5,3,3,212,809,139,63,32,1470,154,1579,0
6,6,3,3,3,3,11,11,3,3,2,2,13,5,1,0,1,0,19,18,1
18,18,124,124,124,4,10,10,5,5,2,2,32,439,3,1141,14,1203,53,1237,0
9,9,7,7,7,6,31,31,3,3,1,1,30,0,8,0,3,1,35,16,1
10,10,7,7,7,6,31,31,3,3,1,1,30,0,8,0,3,1,35,18,1
6,6,2,2,2,6,31,31,3,3,2,2,11,0,27,0,6,0,33,18,1
15,15,48,48,48,1,0,0,3,3,2,2,7,45,2,37,9,303,54,361,0
8,8,1,1,1,10,1,1,5,5,2,2,19,0,0,0,2,0,23,18,0
32,32,143,143,143,4,1,1,4,4,6,6,265,2090,187,1,36,6,216,39,2
42,42,210,210,210,4,9,9,9,9,8,8,678,403,516,381,15,2939,298,0,0
4,4,0,0,0,82,3,3,8,8,1,1,0,0,0,0,0,0,0,14,1
21,21,5,5,5,6,1,1,6,6,4,4,43,452,4,2288,8,2315,91,2367,0
18,18,58,58,58,10,11,11,5,5,4,4,264,4,306,9,70,5,189,33,1
6,6,0,0,0,26,6,6,7,7,0,0,0,0,0,0,0,0,0,14,1
27,27,111,111,111,1,0,0,5,5,2,2,145,802,57,802,19,8740,73,10359,0
5,5,0,0,0,3,21,21,5,5,0,0,0,0,0,0,0,0,0,17,1
5,5,0,0,0,7,1,1,3,3,1,1,48,0,0,0,8,0,15,18,0
10,10,10,10,10,4,1,1,4,4,2,2,0,0,0,0,0,0,14,22,2
6,6,0,0,0,7,17,17,5,5,0,0,0,0,0,0,0,0,0,14,1
5,5,0,0,0,7,17,17,5,5,0,0,0,0,0,0,0,0,0,14,1
35,35,66,66,66,8,8,8,5,5,7,7,2793,241,734,28,104,53,336,119,0
14,14,2,2,2,7,34,34,7,7,2,2,108,5,47,7,20,2,56,35,1
5,5,0,0,0,82,3,3,8,8,0,0,0,0,0,0,0,0,0,14,1
13,13,57,57,57,7,17,17,5,5,4,4,2509,28,571,834,42,26,185,911,1
20,20,50,50,50,6,2,2,4,4,3,3,5,0,0,0,13,0,54,25,0
7,7,1,1,1,3,11,11,7,7,1,1,0,0,0,0,1,0,11,19,0
7,7,0,0,0,9,11,11,5,5,0,0,0,0,0,0,0,0,0,17,1
9,9,1,1,1,11,17,17,6,6,2,2,5,0,0,0,3,0,23,19,1
10,10,3,3,3,9,11,11,5,5,2,2,7,0,9,0,11,0,41,30,1
1,1,0,0,0,10,5,5,3,3,1,1,0,0,0,0,0,0,0,17,1
23,23,60,60,60,3,0,0,5,5,8,8,36,9,8,1,15,0,148,1554,2
33,33,141,141,141,4,1,1,4,4,7,7,121,1133,61,1,14,5,200,53,2
14,14,24,24,24,7,5,5,4,4,4,4,214,0,43,0,34,0,167,23,0
6,6,2,2,2,4,1,1,5,5,2,2,67,0,0,0,3,0,20,19,0
19,19,8,8,8,7,1,1,3,3,5,5,61,14,17,1,12,2,128,40,0
4,4,0,0,0,7,10,10,5,5,0,0,0,0,0,0,0,0,0,15,1
2,2,0,0,0,4,1,1,3,3,2,2,0,0,0,0,0,0,5,19,1
45,45,240,240,240,4,3,3,4,4,24,24,1017,1234,692,3390,47,2238,737,0,0
19,19,49,49,49,6,2,2,4,4,3,3,5,0,0,0,13,0,54,25,0
14,14,2,2,2,7,34,34,7,7,2,2,108,5,47,7,20,2,56,35,1
4,4,0,0,0,17,47,47,7,7,1,1,0,0,0,0,0,0,0,14,1
28,28,173,173,173,4,3,3,4,4,11,11,3013,1133,739,1291,43,245,294,317,0
14,14,24,24,24,7,5,5,4,4,4,4,214,0,43,0,34,0,167,23,0
2,2,0,0,0,11,22,22,8,8,0,0,0,0,0,0,0,0,0,17,1
3,3,3,3,3,3,11,11,3,3,2,2,13,5,1,0,1,0,20,18,1
10,10,0,0,0,13,4,4,5,5,2,2,49,0,12,0,3,0,20,30,2
3,3,3,3,3,3,11,11,3,3,2,2,13,5,1,0,1,0,19,18,1
18,18,58,58,58,10,11,11,5,5,4,4,266,4,299,5,49,3,172,33,1
31,31,141,141,141,4,1,1,4,4,7,7,121,1133,61,1,14,5,200,0,2
36,36,216,216,216,4,9,9,9,9,7,7,644,564,232,539,21,2042,267,2624,0
5,5,0,0,0,4,3,3,4,4,0,0,0,0,0,0,0,0,0,17,0
14,14,24,24,24,7,5,5,4,4,4,4,215,0,44,0,34,0,167,23,0
12,12,84,84,84,7,17,17,5,5,2,2,2351,5,518,9,34,18,71,27,1
21,21,9,9,9,7,1,1,3,3,5,5,60,14,17,1,12,2,133,43,0
14,14,44,44,44,1,0,0,3,3,2,2,7,45,2,37,9,243,54,301,0
2,2,0,0,0,8,3,3,6,6,1,1,0,0,0,0,0,0,0,14,1
8,8,0,0,0,3,21,21,5,5,2,2,4,0,4,5,12,0,28,112,1
6,6,1,1,1,11,17,17,6,6,2,2,4,0,0,0,3,0,24,19,1
17,17,199,199,199,16,26,26,4,4,2,2,39,34,19,67,28,452,73,506,0
7,7,0,0,0,9,11,11,5,5,0,0,0,0,0,0,0,0,0,17,1
10,10,4,4,4,6,31,31,3,3,1,1,35,0,10,0,4,1,37,18,1
14,14,1,1,1,11,17,17,6,6,2,2,5,0,4,0,4,0,32,31,1
6,6,0,0,0,82,3,3,8,8,0,0,0,0,0,0,0,0,0,14,1
24,24,21,21,21,3,0,0,5,5,7,7,25,13,11,1,14,0,123,1144,2
2,2,3,3,3,3,11,11,3,3,2,2,13,5,1,0,1,0,19,18,1
6,6,4,4,4,11,22,22,8,8,2,2,2,0,4,0,1,0,21,18,1
3,3,0,0,0,4,1,1,3,3,2,2,0,0,0,0,0,0,5,19,1
7,7,0,0,0,82,3,3,8,8,0,0,0,0,0,0,0,0,0,25,1
9,9,0,0,0,3,3,3,4,4,1,1,0,0,0,0,0,0,0,0,0
6,6,1,1,1,3,11,11,7,7,1,1,0,0,0,0,1,0,11,19,0
7,7,0,0,0,4,9,9,9,9,0,0,0,0,0,0,0,0,0,17,0
9,9,5,5,5,3,0,0,5,5,1,1,66,0,0,1,7,0,28,18,2
40,40,60,60,60,8,8,8,5,5,8,8,2803,247,741,28,109,56,397,130,0
3,3,0,0,0,3,11,11,7,7,2,2,0,0,0,0,1,0,9,18,0
8,8,4,4,4,8,42,42,5,5,2,2,2841,2,0,10,16,15,56,28,1
7,7,0,0,0,3,21,21,5,5,0,0,0,0,0,0,0,0,0,17,1
21,21,29,29,29,7,5,5,4,4,4,4,104,3,54,3,24,1,196,40,0
23,23,220,220,220,4,10,10,5,5,5,5,45,1226,17,1591,27,1666,133,1699,0
18,18,154,154,154,1,0,0,3,3,2,2,28,58,2,51,10,802,62,877,0
9,9,5,5,5,7,34,34,7,7,2,2,2289,5,475,10,36,15,68,28,1
4,4,0,0,0,3,3,3,4,4,1,1,0,0,0,0,0,0,0,24,0
9,9,0,0,0,4,3,3,4,4,0,0,0,0,0,0,0,0,0,17,0
10,10,7,7,7,6,31,31,3,3,1,1,30,0,8,0,3,1,35,18,1
21,21,9,9,9,7,1,1,3,3,5,5,60,14,17,1,12,2,133,0,0
8,8,1,1,1,3,11,11,7,7,2,2,1,0,0,0,1,0,16,31,0
7,7,0,0,0,3,21,21,5,5,2,2,4,0,4,5,12,0,28,116,1
6,6,0,0,0,7,1,1,3,3,1,1,48,0,0,0,8,0,15,18,0
4,4,1,1,1,6,2,2,4,4,2,2,0,0,0,0,0,0,8,19,0
10,10,5,5,5,3,0,0,5,5,1,1,66,0,0,1,7,0,28,23,2
17,17,199,199,199,16,26,26,4,4,2,2,39,35,19,69,28,622,73,676,0
28,28,214,214,214,16,26,26,4,4,2,2,42,545,20,1090,17,7806,68,8571,0
4,4,0,0,0,4,9,9,9,9,0,0,0,0,0,0,0,0,0,17,0
37,37,74,74,74,8,8,8,5,5,8,8,4093,237,22,38,83,67,376,162,0
5,5,53,53,53,14,9,9,5,5,2,2,0,0,0,0,3,1,18,17,2
19,19,25,25,25,3,0,0,5,5,6,6,31,9,8,1,15,0,120,2737,2
19,19,61,61,61,10,11,11,5,5,4,4,266,4,299,5,49,3,172,33,1
15,15,2,2,2,7,34,34,7,7,2,2,108,5,47,7,20,2,56,35,1
33,33,17,17,17,6,1,1,6,6,8,8,244,362,150,2315,36,2148,281,2459,0
33,33,185,185,185,8,8,8,5,5,3,3,212,809,139,53,32,1413,154,1515,0
24,24,10,10,10,6,1,1,6,6,7,7,214,36,131,5,30,7,226,3668,0
15,15,113,113,113,16,26,26,4,4,2,2,143,45,5,89,17,745,61,805,0
4,4,0,0,0,17,47,47,7,7,1,1,0,0,0,0,0,0,0,14,1
9,9,7,7,7,6,31,31,3,3,1,1,30,0,8,0,3,1,35,16,1
16,16,57,57,57,7,17,17,5,5,4,4,2500,24,569,834,42,25,182,914,1
35,35,17,17,17,6,1,1,6,6,8,8,244,342,152,2110,38,1963,282,2194,0
27,27,220,220,220,1,0,0,5,5,3,3,1175,212,175,230,84,4199,157,9166,0
3,3,2,2,2,13,4,4,5,5,2,2,6,0,0,0,1,0,19,19,2
20,20,6,6,6,6,1,1,6,6,9,9,190,40,43,0,46,0,294,8158,0
21,21,179,179,179,3,3,3,4,4,2,2,52,180,63,360,32,4,85,4220,0
6,6,0,0,0,6,1,1,6,6,3,3,11,5,0,0,0,0,38,4815,0
2,2,0,0,0,3,11,11,7,7,2,2,0,0,0,0,1,0,9,16,0
3,3,0,0,0,3,1,1,3,3,2,2,1,0,0,0,0,0,7,19,1
7,7,2,2,2,6,31,31,3,3,2,2,11,0,27,0,6,0,33,18,1
14,14,57,57,57,7,17,17,5,5,4,4,2509,28,571,834,42,26,184,906,1
8,8,0,0,0,82,3,3,8,8,1,1,0,0,0,0,0,0,0,25,1
7,7,0,0,0,6,1,1,6,6,3,3,11,5,0,0,0,0,38,4686,0
20,20,117,117,117,4,10,10,5,5,3,3,43,1111,3,3405,14,3530,72,3602,0
21,21,181,181,181,1,0,0,3,3,2,2,49,216,3,212,7,1981,52,2220,0
3,3,0,0,0,11,22,22,8,8,0,0,0,0,0,0,0,0,0,17,1
14,14,24,24,24,7,5,5,4,4,4,4,214,0,43,0,34,0,167,23,0
4,4,0,0,0,11,22,22,8,8,0,0,0,0,0,0,0,0,0,17,1
4,4,0,0,0,11,22,22,8,8,0,0,0,0,0,0,0,0,0,17,1
7,7,1,1,1,11,17,17,6,6,2,2,5,0,0,0,3,0,23,19,1
20,20,119,119,119,10,0,0,4,4,2,2,26,116,11,105,16,1762,65,1902,0
29,29,226,226,226,1,0,0,5,5,3,3,1194,273,175,237,97,4421,170,9489,0
19,19,6,6,6,6,1,1,6,6,9,9,190,40,43,0,46,0,294,10315,0
8,8,2,2,2,6,31,31,3,3,2,2,11,0,27,0,6,0,33,18,1
14,14,2,2,2,7,34,34,7,7,2,2,108,5,47,7,20,2,56,35,1
24,24,199,199,199,16,26,26,4,4,2,2,41,37,19,74,16,324,67,390,0
29,29,116,116,116,4,10,10,5,5,5,5,52,1179,27,2762,19,2699,128,2837,0
7,7,2,2,2,7,5,5,4,4,2,2,0,0,0,0,0,0,8,19,0
9,9,2,2,2,6,31,31,3,3,2,2,11,0,27,0,6,0,33,18,1
14,14,82,82,82,7,17,17,5,5,2,2,2348,1,516,9,34,17,69,27,1
3,3,0,0,0,26,6,6,7,7,1,1,0,0,0,0,0,0,0,14,1
8,8,1,1,1,10,1,1,5,5,2,2,19,0,0,0,2,0,23,18,0
18,18,158,158,158,1,0,0,3,3,2,2,28,205,2,197,10,3978,62,4201,0
3,3,0,0,0,10,5,5,3,3,0,0,0,0,0,0,0,0,0,17,1
2,2,0,0,0,4,1,1,3,3,2,2,0,0,0,0,0,0,5,19,1
14,14,24,24,24,7,5,5,4,4,4,4,214,0,43,0,34,0,167,23,0
4,4,0,0,0,10,5,5,3,3,0,0,0,0,0,0,0,0,0,17,1
7,7,3,3,3,9,11,11,5,5,2,2,9,0,26,0,13,0,37,18,1
6,6,0,0,0,6,1,1,6,6,3,3,11,5,0,0,0,0,38,8080,0
21,21,29,29,29,7,5,5,4,4,4,4,104,3,54,3,24,1,196,40,0
4,4,0,0,0,8,3,3,6,6,0,0,0,0,0,0,0,0,0,14,1
21,21,51,51,51,3,0,0,5,5,8,8,36,9,8,1,15,0,145,279,2
45,45,293,293,293,4,3,3,4,4,31,31,3791,1207,776,1693,64,641,870,877,0
6,6,0,0,0,82,3,3,8,8,1,1,0,0,0,0,0,0,0,14,1
4,4,0,0,0,12,3,3,7,7,1,1,0,0,0,0,0,0,0,14,1
6,6,1,1,1,3,11,11,7,7,1,1,0,0,0,0,1,0,11,19,0
10,10,13,13,13,1,0,0,5,5,1,1,3073,4,0,0,27,12,60,22,0
5,5,1,1,1,6,2,2,4,4,2,2,0,0,0,0,0,0,8,17,0
8,8,4,4,4,8,42,42,5,5,2,2,2948,2,0,10,16,15,57,28,1
9,9,0,0,0,3,1,1,3,3,2,2,1,0,0,0,0,0,10,31,1
17,17,100,100,100,10,11,11,5,5,4,4,265,4,308,9,70,5,188,33,1
7,7,0,0,0,3,21,21,5,5,3,3,12,2,14,5,23,1,61,115,1
4,4,0,0,0,13,4,4,5,5,2,2,0,0,0,0,1,0,11,18,2
7,7,2,2,2,6,31,31,3,3,2,2,11,0,27,0,6,0,33,18,1
7,7,0,0,0,17,47,47,7,7,0,0,0,0,0,0,0,0,0,14,1
3,3,0,0,0,8,3,3,6,6,1,1,0,0,0,0,0,0,0,14,1
26,26,173,173,173,4,3,3,4,4,12,12,3001,1208,740,1731,40,611,299,749,0
40,40,203,203,203,4,9,9,9,9,7,7,25,321,12,315,6,2705,225,3085,0
13,13,14,14,14,10,0,0,4,4,1,1,27,11,0,0,1,1,46,19,0
6,6,2,2,2,4,1,1,5,5,2,2,67,0,0,0,3,0,20,19,0
7,7,1,1,1,11,17,17,6,6,2,2,5,0,0,0,3,0,23,19,1
4,4,0,0,0,82,3,3,8,8,1,1,0,0,0,0,0,0,0,14,1
8,8,1,1,1,11,17,17,6,6,2,2,5,0,0,0,3,0,23,17,1
4,4,0,0,0,3,1,1,3,3,2,2,1,0,0,0,0,0,7,19,1
7,7,53,53,53,14,9,9,5,5,2,2,0,0,0,0,2,1,15,17,2
5,5,0,0,0,4,1,1,3,3,1,1,0,0,0,0,0,0,6,19,1
5,5,0,0,0,7,10,10,5,5,0,0,0,0,0,0,0,0,0,17,1
36,36,241,241,241,4,9,9,9,9,7,7,644,484,232,459,21,665,264,1159,0
22,22,118,118,118,4,10,10,5,5,3,3,43,2331,3,6445,14,6596,72,6697,0
3,3,0,0,0,26,6,6,7,7,0,0,0,0,0,0,0,0,0,14,1
18,18,50,50,50,6,2,2,4,4,3,3,5,0,0,0,13,0,54,25,0
14,14,24,24,24,7,5,5,4,4,4,4,214,0,43,0,34,0,167,23,0
11,11,10,10,10,4,1,1,4,4,2,2,0,0,0,0,0,0,14,22,2
9,9,13,13,13,1,0,0,5,5,1,1,3073,4,0,0,27,12,60,22,0
38,38,224,224,224,4,9,9,9,9,7,7,677,558,274,533,22,242,269,810,0
9,9,11,11,11,3,0,0,5,5,1,1,88,0,0,1,8,0,30,23,2
24,24,45,45,45,6,2,2,4,4,3,3,50,0,40,0,10,0,67,37,0
11,11,11,11,11,10,0,0,4,4,1,1,27,10,0,0,3,2,45,20,0
6,6,0,0,0,12,3,3,7,7,0,0,0,0,0,0,0,0,0,25,1
14,14,1,1,1,11,17,17,6,6,2,2,5,0,4,0,4,0,32,31,1
6,6,0,0,0,26,6,6,7,7,0,0,0,0,0,0,0,0,0,25,1
32,32,143,143,143,4,1,1,4,4,6,6,264,1267,186,1,36,6,216,39,2
4,4,0,0,0,8,3,3,6,6,0,0,0,0,0,0,0,0,0,14,1
18,18,49,49,49,6,2,2,4,4,3,3,5,0,0,0,13,0,54,25,0
5,5,0,0,0,7,17,17,5,5,0,0,0,0,0,0,0,0,0,14,1
18,18,49,49,49,6,2,2,4,4,3,3,5,0,0,0,13,0,54,25,0
6,6,53,53,53,14,9,9,5,5,2,2,0,0,0,0,2,1,15,17,2
3,3,0,0,0,13,4,4,5,5,2,2,0,0,0,0,1,0,11,18,2
6,6,1,1,1,3,11,11,7,7,2,2,0,0,0,0,1,0,13,19,0
11,11,4,4,4,7,10,10,5,5,3,3,65,7,66,19,22,9,104,45,1
8,8,0,0,0,4,3,3,4,4,0,0,0,0,0,0,0,0,0,17,0
19,19,155,155,155,4,10,10,5,5,3,3,43,1041,3,2947,14,3025,72,3096,0
23,23,45,45,45,10,11,11,5,5,4,4,168,1,273,9,44,8,184,45,1
3,3,0,0,0,4,1,1,3,3,2,2,0,0,0,0,0,0,5,19,1
33,33,186,186,186,8,8,8,5,5,3,3,212,809,139,29,32,1268,154,1333,0
5,5,2,2,2,4,1,1,5,5,2,2,54,0,79,0,5,0,15,19,0
20,20,126,126,126,4,10,10,5,5,3,3,43,1115,3,3605,14,3731,72,3799,0
14,14,6,6,6,10,0,0,4,4,1,1,27,11,0,0,1,1,46,19,0
2,2,0,0,0,3,1,1,3,3,2,2,1,0,0,0,0,0,7,19,1
24,24,217,217,217,4,10,10,5,5,5,5,45,1669,17,1967,27,2050,133,2094,0
5,5,1,1,1,3,11,11,7,7,1,1,0,0,0,0,1,0,11,19,0
7,7,0,0,0,17,47,47,7,7,0,0,0,0,0,0,0,0,0,14,1
8,8,3,3,3,9,11,11,5,5,2,2,9,0,26,0,13,0,37,18,1
9,9,13,13,13,1,0,0,5,5,1,1,3073,4,0,0,27,12,60,22,0
20,20,120,120,120,10,0,0,4,4,2,2,26,145,11,132,16,2765,65,2932,0
29,29,145,145,145,10,0,0,4,4,2,2,119,309,58,211,22,4349,81,8892,0
6,6,0,0,0,26,6,6,7,7,0,0,0,0,0,0,0,0,0,14,1
20,20,64,64,64,10,11,11,5,5,4,4,266,4,302,5,49,3,174,31,1
29,29,225,225,225,1,0,0,5,5,3,3,1360,273,188,237,108,4420,193,9161,0
4,4,0,0,0,7,1,1,3,3,1,1,48,0,0,0,8,0,16,18,0
29,29,43,43,43,8,8,8,5,5,4,4,2714,216,722,25,89,48,254,100,0
4,4,0,0,0,8,3,3,6,6,0,0,0,0,0,0,0,0,0,14,1
7,7,1,1,1,11,17,17,6,6,2,2,4,0,0,0,3,0,24,19,1
2,2,0,0,0,3,1,1,3,3,2,2,1,0,0,0,0,0,7,19,1
10,10,10,10,10,4,1,1,4,4,2,2,0,0,0,0,0,0,14,22,2
38,38,220,220,220,4,9,9,9,9,7,7,647,564,232,539,20,504,264,1078,0
4,4,0,0,0,82,3,3,8,8,1,1,0,0,0,0,0,0,0,14,1
3,3,0,0,0,12,3,3,7,7,1,1,0,0,0,0,0,0,0,14,1
3,3,0,0,0,13,4,4,5,5,2,2,0,0,0,0,1,0,11,18,2
7,7,1,1,1,10,1,1,5,5,2,2,14,0,0,0,2,0,23,18,0
6,6,1,1,1,11,17,17,6,6,2,2,4,0,0,0,3,0,24,19,1
29,29,43,43,43,8,8,8,5,5,4,4,2751,220,725,25,90,54,257,105,0
5,5,1,1,1,6,2,2,4,4,2,2,0,0,0,0,0,0,8,17,0
6,6,0,0,0,26,6,6,7,7,0,0,0,0,0,0,0,0,0,14,1
8,8,0,0,0,3,21,21,5,5,0,0,0,0,0,0,0,0,0,17,1
12,12,0,0,0,10,1,1,5,5,2,2,1,0,1,0,1,0,12,30,0
17,17,213,213,213,16,26,26,4,4,2,2,39,115,19,229,28,2035,73,2170,0
7,7,0,0,0,82,3,3,8,8,0,0,0,0,0,0,0,0,0,14,1
9,9,7,7,7,6,31,31,3,3,1,1,30,0,8,0,3,1,35,16,1
5,5,3,3,3,3,11,11,3,3,2,2,13,5,1,0,1,0,19,18,1
10,10,7,7,7,1,0,0,5,5,1,1,2947,4,0,0,26,12,58,22,0
7,7,0,0,0,26,6,6,7,7,1,1,0,0,0,0,0,0,0,25,1
21,21,189,189,189,3,3,3,4,4,2,2,59,272,63,513,32,6,86,6915,0
24,24,45,45,45,6,2,2,4,4,3,3,50,0,40,0,10,0,66,37,0
7,7,0,0,0,6,1,1,6,6,3,3,11,5,0,0,0,0,38,5677,0
17,17,214,214,214,16,26,26,4,4,2,2,39,80,19,159,28,1521,73,1627,0
3,3,0,0,0,12,3,3,7,7,1,1,0,0,0,0,0,0,0,14,1
7,7,1,1,1,11,17,17,6,6,2,2,4,0,0,0,3,0,24,19,1
38,38,278,278,278,4,9,9,9,9,7,7,655,609,271,582,21,1422,267,2064,0
25,25,25,25,25,3,0,0,5,5,7,7,25,13,11,1,14,0,123,1083,2
9,9,5,5,5,7,34,34,7,7,2,2,2288,1,475,10,36,14,68,28,1
29,29,43,43,43,8,8,8,5,5,4,4,2755,216,728,26,91,50,257,102,0
22,22,46,46,46,10,11,11,5,5,4,4,168,1,275,9,44,8,190,45,1
4,4,0,0,0,12,3,3,7,7,0,0,0,0,0,0,0,0,0,14,1
51,51,381,381,381,4,9,9,9,9,30,30,3360,1054,981,973,89,2925,1507,3966,0
21,21,44,44,44,10,11,11,5,5,4,4,168,1,275,9,44,8,190,45,1
39,39,103,103,103,8,8,8,5,5,8,8,2799,251,741,28,104,57,399,131,0
4,4,3,3,3,3,11,11,3,3,2,2,13,5,1,0,1,0,19,18,1
29,29,114,114,114,4,10,10,5,5,5,5,52,1178,27,916,19,889,128,970,0
28,28,317,317,317,3,21,21,5,5,14,14,3070,34,239,33,122,49,775,214,1
5,5,0,0,0,10,5,5,3,3,0,0,0,0,0,0,0,0,0,17,1
3,3,1,1,1,3,11,11,7,7,2,2,0,0,0,0,1,0,13,17,0
8,8,3,3,3,9,11,11,5,5,2,2,9,0,26,0,13,0,37,18,1
27,27,222,222,222,1,0,0,5,5,3,3,1271,262,187,236,94,4422,162,9205,0
4,4,2,2,2,7,5,5,4,4,2,2,0,0,0,0,0,0,8,19,0
3,3,0,0,0,26,6,6,7,7,1,1,0,0,0,0,0,0,0,14,1
5,5,2,2,2,7,5,5,4,4,2,2,0,0,0,0,0,0,8,19,0
16,16,60,60,60,10,11,11,5,5,4,4,265,4,308,9,70,5,187,33,1
21,21,153,153,153,1,0,0,3,3,2,2,49,231,3,227,7,3471,52,3734,0
4,4,1,1,1,6,2,2,4,4,2,2,0,0,0,0,0,0,8,19,0
20,20,90,90,90,3,0,0,5,5,7,7,31,9,8,1,15,0,132,2429,2
6,6,0,0,0,12,3,3,7,7,0,0,0,0,0,0,0,0,0,14,1
11,11,57,57,57,7,17,17,5,5,4,4,2500,24,569,834,42,25,182,914,1
8,8,0,0,0,12,3,3,7,7,0,0,0,0,0,0,0,0,0,14,1
5,5,0,0,0,10,5,5,3,3,0,0,0,0,0,0,0,0,0,17,1
14,14,53,53,53,1,0,0,3,3,2,2,7,45,2,37,9,219,54,271,0
6,6,1,1,1,6,2,2,4,4,2,2,0,0,0,0,0,0,8,17,0
7,7,4,4,4,11,22,22,8,8,2,2,2,0,4,0,1,0,21,18,1
5,5,0,0,0,4,1,1,3,3,1,1,0,0,0,0,0,0,6,19,1
34,34,186,186,186,8,8,8,5,5,3,3,212,809,139,37,32,1305,154,1383,0
18,18,123,123,123,16,26,26,4,4,2,2,142,61,5,121,17,1034,61,1112,0
6,6,0,0,0,4,9,9,9,9,0,0,0,0,0,0,0,0,0,17,0
30,30,174,174,174,4,3,3,4,4,11,11,931,1188,636,2395,29,1255,288,0,0
3,3,0,0,0,12,3,3,7,7,1,1,0,0,0,0,0,0,0,14,1
16,16,57,57,57,7,17,17,5,5,4,4,2509,28,571,834,42,26,184,914,1
7,7,0,0,0,82,3,3,8,8,0,0,0,0,0,0,0,0,0,14,1
5,5,0,0,0,7,17,17,5,5,0,0,0,0,0,0,0,0,0,14,1
9,9,5,5,5,3,0,0,5,5,1,1,66,0,0,1,7,0,28,23,2
24,24,10,10,10,6,1,1,6,6,7,7,214,36,131,5,30,7,226,3387,0
5,5,0,0,0,17,47,47,7,7,1,1,0,0,0,0,0,0,0,14,1
5,5,0,0,0,17,47,47,7,7,1,1,0,0,0,0,0,0,0,14,1
7,7,0,0,0,3,21,21,5,5,0,0,0,0,0,0,0,0,0,17,1
21,21,179,179,179,3,3,3,4,4,2,2,52,149,63,298,32,4,85,3235,0
18,18,156,156,156,1,0,0,3,3,2,2,28,179,2,171,10,3215,62,3409,0
5,5,0,0,0,26,6,6,7,7,0,0,0,0,0,0,0,0,0,14,1
5,5,0,0,0,4,1,1,3,3,1,1,0,0,0,0,0,0,6,19,1
15,15,66,66,66,1,0,0,3,3,2,2,7,86,2,78,9,1316,54,1420,0
10,10,0,0,0,3,3,3,4,4,1,1,0,0,0,0,0,0,0,40,0
35,35,204,204,204,10,0,0,4,4,14,14,828,317,344,212,34,4353,328,9174,0
5,5,3,3,3,3,11,11,3,3,2,2,19,5,3,0,1,0,15,18,1
29,29,321,321,321,3,21,21,5,5,14,14,3066,27,235,29,120,46,757,230,1
4,4,0,0,0,17,47,47,7,7,1,1,0,0,0,0,0,0,0,14,1
10,10,3,3,3,3,11,11,3,3,2,2,16,4,3,0,1,0,16,30,1
12,12,11,11,11,3,0,0,5,5,1,1,88,0,0,1,8,0,30,23,2
9,9,0,0,0,4,1,1,3,3,2,2,1,0,0,0,0,0,11,31,1
22,22,28,28,28,3,0,0,5,5,7,7,36,9,8,1,15,0,138,2083,2
5,5,0,0,0,11,22,22,8,8,0,0,0,0,0,0,0,0,0,15,1
11,11,10,10,10,4,1,1,4,4,2,2,0,0,0,0,0,0,14,22,2
7,7,0,0,0,17,47,47,7,7,1,1,0,0,0,0,0,0,0,25,1
13,13,57,57,57,7,17,17,5,5,4,4,2500,24,569,834,42,25,182,911,1
32,32,143,143,143,4,1,1,4,4,6,6,265,1935,187,1,36,6,216,39,2
11,11,0,0,0,10,1,1,5,5,2,2,1,0,1,0,1,0,12,0,0
9,9,0,0,0,3,21,21,5,5,1,1,0,0,0,0,0,0,0,26,1
15,15,83,83,83,1,0,0,3,3,2,2,7,40,2,34,9,116,54,166,0
6,6,0,0,0,12,3,3,7,7,0,0,0,0,0,0,0,0,0,14,1
7,7,1,1,1,11,17,17,6,6,2,2,5,0,0,0,3,0,23,19,1
43,43,249,249,249,4,3,3,4,4,28,28,1524,1230,1741,3387,47,2237,845,0,0
21,21,121,121,121,4,10,10,5,5,3,3,43,1068,3,3014,14,3086,72,3164,0
20,20,188,188,188,3,3,3,4,4,2,2,59,117,63,234,32,4,86,2248,0
7,7,0,0,0,4,3,3,4,4,0,0,0,0,0,0,0,0,0,17,0
20,20,6,6,6,6,1,1,6,6,9,9,190,40,43,0,46,0,294,7142,0
17,17,61,61,61,10,11,11,5,5,4,4,264,4,306,9,70,5,187,33,1
13,13,14,14,14,10,0,0,4,4,1,1,27,11,0,0,1,1,46,19,0
4,4,3,3,3,3,11,11,3,3,2,2,13,5,1,0,1,0,20,18,1
24,24,45,45,45,6,2,2,4,4,3,3,50,0,40,0,10,0,66,37,0
9,9,1,1,1,3,11,11,7,7,2,2,1,0,0,0,1,0,16,31,0
5,5,0,0,0,12,3,3,7,7,0,0,0,0,0,0,0,0,0,14,1
8,8,0,0,0,3,21,21,5,5,0,0,0,0,0,0,0,0,0,17,1
6,6,5,5,5,7,17,17,5,5,2,2,2308,21,482,6,32,18,71,23,1
7,7,1,1,1,10,5,5,3,3,2,2,2,0,4,0,1,0,16,31,1
7,7,2,2,2,7,5,5,4,4,2,2,0,0,0,0,0,0,8,17,0
11,11,0,0,0,10,1,1,5,5,2,2,1,0,1,0,1,0,12,30,0
7,7,4,4,4,11,22,22,8,8,2,2,1,0,5,0,2,0,23,30,1
5,5,0,0,0,7,10,10,5,5,0,0,0,0,0,0,0,0,0,17,1
6,6,0,0,0,7,17,17,5,5,0,0,0,0,0,0,0,0,0,14,1
17,17,58,58,58,10,11,11,5,5,4,4,265,4,308,9,70,5,188,33,1
17,17,157,157,157,1,0,0,3,3,2,2,28,85,2,78,10,1307,62,1407,0
4,4,0,0,0,11,22,22,8,8,0,0,0,0,0,0,0,0,0,17,1
11,11,7,7,7,1,0,0,5,5,1,1,2947,4,0,0,26,12,58,22,0
7,7,2,2,2,6,31,31,3,3,2,2,11,0,27,0,6,0,33,18,1
5,5,0,0,0,12,3,3,7,7,0,0,0,0,0,0,0,0,0,14,1
31,31,141,141,141,4,1,1,4,4,7,7,121,1133,61,1,14,5,200,53,2
4,4,0,0,0,10,1,1,5,5,2,2,3,0,2,0,2,0,13,18,0
5,5,0,0,0,17,47,47,7,7,0,0,0,0,0,0,0,0,0,14,1
18,18,60,60,60,7,17,17,5,5,4,4,2610,25,722,839,73,26,224,917,1
3,3,1,1,1,6,2,2,4,4,2,2,0,0,0,0,0,0,8,17,0
5,5,0,0,0,4,1,1,3,3,1,1,0,0,0,0,0,0,6,19,1
5,5,0,0,0,10,5,5,3,3,0,0,0,0,0,0,0,0,0,17,1
4,4,0,0,0,10,1,1,5,5,1,1,0,0,0,0,0,0,0,18,0
17,17,158,158,158,1,0,0,3,3,2,2,28,104,2,96,10,1670,62,1787,0
13,13,82,82,82,7,17,17,5,5,2,2,2348,1,517,9,34,17,69,27,1
17,17,158,158,158,1,0,0,3,3,2,2,28,88,2,80,10,1411,62,1516,0
35,35,211,211,211,10,0,0,4,4,14,14,828,317,344,212,34,4354,328,8986,0
25,25,213,213,213,16,26,26,4,4,2,2,42,94,20,188,17,3365,68,3499,0
4,4,0,0,0,4,1,1,3,3,1,1,0,0,0,0,0,0,6,19,1
3,3,0,0,0,8,3,3,6,6,1,1,0,0,0,0,0,0,0,14,1
7,7,2,2,2,7,5,5,4,4,2,2,0,0,0,0,0,0,8,17,0
21,21,6,6,6,6,1,1,6,6,9,9,190,40,43,0,46,0,294,8142,0
34,34,54,54,54,8,8,8,5,5,7,7,2787,237,732,28,102,51,331,118,0
8,8,0,0,0,7,17,17,5,5,0,0,0,0,0,0,0,0,0,14,1
11,11,13,13,13,1,0,0,5,5,1,1,3073,4,0,0,27,12,60,22,0
8,8,1,1,1,11,17,17,6,6,2,2,5,0,0,0,3,0,23,19,1
25,25,221,221,221,4,10,10,5,5,5,5,45,2558,17,5629,27,5803,133,5877,0
5,5,0,0,0,12,3,3,7,7,0,0,0,0,0,0,0,0,0,14,1
6,6,0,0,0,7,1,1,3,3,1,1,48,0,0,0,8,0,15,16,0
9,9,0,0,0,3,3,3,4,4,1,1,0,0,0,0,0,0,0,0,0
18,18,64,64,64,10,11,11,5,5,4,4,266,4,299,5,49,3,172,31,1
20,20,131,131,131,4,10,10,5,5,3,3,41,734,3,2670,14,2770,72,2823,0
14,14,2,2,2,7,34,34,7,7,2,2,108,5,47,7,20,2,56,35,1
37,37,62,62,62,8,8,8,5,5,8,8,2756,251,733,27,102,56,385,129,0
7,7,0,0,0,6,1,1,6,6,3,3,11,5,0,0,0,0,38,6936,0
18,18,48,48,48,6,2,2,4,4,3,3,5,0,0,0,13,0,54,25,0
23,23,217,217,217,4,10,10,5,5,5,5,45,1520,17,1719,27,1802,133,1838,0
51,51,376,376,376,4,9,9,9,9,20,20,3348,1060,985,1002,91,2936,998,3963,0
11,11,3,3,3,7,10,10,5,5,3,3,2232,7,327,19,33,21,128,36,1
3,3,0,0,0,4,1,1,3,3,2,2,0,0,0,0,0,0,5,19,1
29,29,175,175,175,4,3,3,4,4,13,13,3030,1208,740,1751,44,631,321,770,0
12,12,10,10,10,4,1,1,4,4,2,2,0,0,0,0,0,0,14,22,2
30,30,171,171,171,4,3,3,4,4,9,9,931,1022,636,1340,28,365,271,439,0
8,8,1,1,1,11,17,17,6,6,2,2,5,0,0,0,3,0,23,19,1
39,39,202,202,202,4,9,9,9,9,7,7,25,245,12,238,6,982,225,0,0
4,4,0,0,0,3,1,1,3,3,2,2,1,0,0,0,0,0,7,19,1
49,49,411,411,411,4,9,9,9,9,20,20,3335,1060,983,1002,89,2936,993,3963,0
16,16,119,119,119,16,26,26,4,4,2,2,142,51,5,101,17,900,61,966,0
7,7,0,0,0,17,47,47,7,7,0,0,0,0,0,0,0,0,0,14,1
8,8,1,1,1,10,1,1,5,5,2,2,14,0,0,0,2,0,23,18,0
8,8,11,11,11,3,0,0,5,5,1,1,88,0,0,1,8,0,30,23,2
18,18,27,27,27,3,0,0,5,5,6,6,31,9,8,1,15,0,120,1273,2
3,3,0,0,0,10,5,5,3,3,1,1,0,0,0,0,0,0,0,17,1
7,7,1,1,1,11,17,17,6,6,2,2,4,0,0,0,3,0,24,19,1
13,13,16,16,16,10,0,0,4,4,1,1,27,11,0,0,1,1,46,19,0
19,19,98,98,98,10,11,11,5,5,4,4,266,4,302,5,49,3,174,32,1
38,38,78,78,78,8,8,8,5,5,8,8,3918,237,22,38,83,62,369,158,0
17,17,73,73,73,3,3,3,4,4,2,2,90,69,1,138,24,3,84,1393,0
5,5,0,0,0,10,5,5,3,3,0,0,0,0,0,0,0,0,0,17,1
20,20,140,140,140,4,10,10,5,5,2,2,32,1228,3,3622,14,3723,53,3809,0
10,10,5,5,5,3,0,0,5,5,1,1,66,0,0,1,7,0,28,23,2
5,5,1,1,1,6,2,2,4,4,2,2,0,0,0,0,0,0,8,17,0
14,14,42,42,42,1,0,0,3,3,2,2,7,24,2,24,9,64,54,103,0
9,9,0,0,0,3,1,1,3,3,2,2,1,0,0,0,0,0,10,31,1
6,6,0,0,0,26,6,6,7,7,0,0,0,0,0,0,0,0,0,14,1
4,4,0,0,0,82,3,3,8,8,1,1,0,0,0,0,0,0,0,14,1
5,5,2,2,2,4,1,1,5,5,2,2,67,0,0,0,3,0,20,17,0
6,6,0,0,0,12,3,3,7,7,0,0,0,0,0,0,0,0,0,14,1
3,3,0,0,0,12,3,3,7,7,1,1,0,0,0,0,0,0,0,14,1
4,4,0,0,0,10,5,5,3,3,1,1,0,0,0,0,0,0,0,17,1
2,2,0,0,0,3,1,1,3,3,2,2,1,0,0,0,0,0,7,19,1
10,10,4,4,4,6,31,31,3,3,1,1,35,0,10,0,4,1,37,18,1
5,5,0,0,0,7,17,17,5,5,0,0,0,0,0,0,0,0,0,14,1
21,21,62,62,62,3,0,0,5,5,7,7,31,9,8,1,15,0,132,1360,2
8,8,3,3,3,9,11,11,5,5,2,2,9,0,26,0,13,0,37,18,1
6,6,0,0,0,12,3,3,7,7,0,0,0,0,0,0,0,0,0,14,1
10,10,4,4,4,6,31,31,3,3,1,1,35,0,10,0,4,1,37,18,1
5,5,2,2,2,4,1,1,5,5,2,2,67,0,0,0,3,0,20,19,0
28,28,173,173,173,4,3,3,4,4,11,11,3003,1208,738,1751,42,631,289,762,0
8,8,0,0,0,9,11,11,5,5,0,0,0,0,0,0,0,0,0,17,1
13,13,82,82,82,7,17,17,5,5,2,2,2348,1,516,9,34,17,69,27,1
17,17,7,7,7,7,1,1,3,3,5,5,96,29,25,1,13,2,140,29,0
19,19,49,49,49,6,2,2,4,4,3,3,5,0,0,0,13,0,55,25,0
10,10,3,3,3,9,11,11,5,5,2,2,7,0,7,0,11,0,38,30,1
7,7,1,1,1,3,11,11,7,7,1,1,0,0,0,0,1,0,11,19,0
4,4,0,0,0,10,1,1,5,5,2,2,3,0,2,0,2,0,13,18,0
4,4,1,1,1,3,11,11,7,7,2,2,0,0,0,0,1,0,13,19,0
3,3,3,3,3,3,11,11,3,3,2,2,13,5,1,0,1,0,20,18,1
5,5,0,0,0,4,1,1,3,3,1,1,0,0,0,0,0,0,6,19,1
33,33,143,143,143,4,1,1,4,4,6,6,266,1610,188,1,37,6,217,39,2
9,9,7,7,7,6,31,31,3,3,1,1,30,0,8,0,3,1,35,18,1
5,5,2,2,2,4,1,1,5,5,2,2,67,0,0,0,3,0,20,19,0
8,8,4,4,4,8,42,42,5,5,2,2,2948,2,0,10,16,15,57,28,1
5,5,2,2,2,7,5,5,4,4,2,2,0,0,0,0,0,0,8,17,0
10,10,4,4,4,6,31,31,3,3,1,1,35,0,10,0,4,1,37,18,1
3,3,0,0,0,7,10,10,5,5,0,0,0,0,0,0,0,0,0,17,1
22,22,156,156,156,1,0,0,3,3,2,2,49,180,3,179,7,685,52,893,0
3,3,0,0,0,3,1,1,3,3,2,2,1,0,0,0,0,0,7,19,1
6,6,3,3,3,3,11,11,3,3,2,2,13,5,1,0,1,0,19,18,1
6,6,4,4,4,11,22,22,8,8,2,2,2,0,4,0,1,0,21,18,1
15,15,80,80,80,3,3,3,4,4,2,2,88,39,1,78,24,3,84,677,0
13,13,13,13,13,1,0,0,5,5,1,1,3073,4,0,0,27,12,60,22,0
5,5,0,0,0,4,1,1,3,3,1,1,0,0,0,0,0,0,6,19,1
7,7,1,1,1,11,17,17,6,6,2,2,5,0,0,0,3,0,23,19,1
10,10,0,0,0,3,21,21,5,5,2,2,4,0,4,5,12,0,28,37,1
7,7,0,0,0,4,3,3,4,4,0,0,0,0,0,0,0,0,0,17,0
4,4,0,0,0,3,1,1,3,3,2,2,1,0,0,0,0,0,7,19,1
5,5,0,0,0,10,5,5,3,3,0,0,0,0,0,0,0,0,0,17,1
25,25,99,99,99,7,17,17,5,5,6,6,446,39,357,857,63,21,375,961,1
10,10,1,1,1,6,31,31,3,3,2,2,6,0,8,0,3,0,30,30,1
19,19,129,129,129,4,10,10,5,5,3,3,41,1254,3,3463,14,3574,72,3655,0
7,7,0,0,0,9,11,11,5,5,0,0,0,0,0,0,0,0,0,17,1
17,17,99,99,99,16,26,26,4,4,2,2,142,30,5,59,17,336,61,381,0
5,5,1,1,1,6,2,2,4,4,2,2,0,0,0,0,0,0,8,17,0
4,4,0,0,0,26,6,6,7,7,1,1,0,0,0,0,0,0,0,14,1
3,3,0,0,0,12,3,3,7,7,1,1,0,0,0,0,0,0,0,14,1
4,4,0,0,0,10,5,5,3,3,1,1,0,0,0,0,0,0,0,17,1
5,5,0,0,0,7,10,10,5,5,0,0,0,0,0,0,0,0,0,17,1
8,8,11,11,11,3,0,0,5,5,1,1,88,0,0,1,8,0,30,23,2
24,24,210,210,210,4,10,10,5,5,5,5,45,1152,17,1514,27,1586,133,1619,0
8,8,0,0,0,17,47,47,7,7,0,0,0,0,0,0,0,0,0,14,1
16,16,59,59,59,10,11,11,5,5,4,4,264,4,306,9,70,5,189,33,1
18,18,58,58,58,10,11,11,5,5,4,4,264,4,306,9,70,5,188,33,1
8,8,2,2,2,10,1,1,5,5,2,2,11,0,0,0,1,0,21,19,0
9,9,0,0,0,3,21,21,5,5,0,0,0,0,0,0,0,0,0,17,1
4,4,0,0,0,10,5,5,3,3,1,1,0,0,0,0,0,0,0,17,1
6,6,1,1,1,10,1,1,5,5,2,2,15,0,0,0,1,0,19,18,0
13,13,3,3,3,8,42,42,5,5,2,2,54,6,32,10,12,3,62,38,1
4,4,0,0,0,82,3,3,8,8,1,1,0,0,0,0,0,0,0,14,1
27,27,174,174,174,4,3,3,4,4,12,12,3012,1133,739,1570,41,530,299,664,0
8,8,0,0,0,9,11,11,5,5,0,0,0,0,0,0,0,0,0,17,1
8,8,0,0,0,4,3,3,4,4,0,0,0,0,0,0,0,0,0,17,0
19,19,224,224,224,3,21,21,5,5,9,9,802,20,126,14,92,17,349,148,1
4,4,0,0,0,82,3,3,8,8,1,1,0,0,0,0,0,0,0,14,1
3,3,0,0,0,26,6,6,7,7,1,1,0,0,0,0,0,0,0,14,1
4,4,0,0,0,3,1,1,3,3,2,2,1,0,0,0,0,0,7,19,1
7,7,1,1,1,10,1,1,5,5,2,2,11,0,0,0,1,0,19,18,0
21,21,178,178,178,3,3,3,4,4,2,2,52,165,63,330,32,4,85,3714,0
4,4,0,0,0,10,5,5,3,3,0,0,0,0,0,0,0,0,0,17,1
23,23,47,47,47,10,11,11,5,5,4,4,168,1,273,9,44,8,184,45,1
3,3,0,0,0,4,1,1,3,3,2,2,0,0,0,0,0,0,5,19,1
21,21,9,9,9,7,1,1,3,3,5,5,60,14,17,1,12,2,135,41,0
7,7,11,11,11,3,0,0,5,5,1,1,88,0,0,1,8,0,30,23,2
18,18,8,8,8,7,1,1,3,3,5,5,95,29,25,1,13,2,144,30,0
14,14,84,84,84,7,17,17,5,5,2,2,2351,5,519,9,34,18,71,27,1
45,45,241,241,241,4,3,3,4,4,23,23,1014,1230,684,3387,47,2237,733,0,0
3,3,0,0,0,26,6,6,7,7,1,1,0,0,0,0,0,0,0,14,1
8,8,3,3,3,9,11,11,5,5,2,2,9,0,26,0,14,0,38,18,1
7,7,1,1,1,11,17,17,6,6,2,2,5,0,0,0,3,0,23,19,1
3,3,0,0,0,8,3,3,6,6,0,0,0,0,0,0,0,0,0,14,1
8,8,1,1,1,3,11,11,7,7,2,2,1,0,0,0,1,0,16,31,0
19,19,59,59,59,10,11,11,5,5,4,4,264,4,306,9,70,5,188,33,1
6,6,0,0,0,4,9,9,9,9,0,0,0,0,0,0,0,0,0,17,0
22,22,119,119,119,10,0,0,4,4,2,2,26,195,11,143,17,2844,66,3039,0
21,21,153,153,153,1,0,0,3,3,2,2,49,216,3,212,7,1927,52,2183,0
9,9,0,0,0,3,3,3,4,4,1,1,0,0,0,0,0,0,0,0,0
17,17,212,212,212,16,26,26,4,4,2,2,39,113,19,225,28,2025,73,2162,0
4,4,1,1,1,3,11,11,7,7,2,2,0,0,0,0,1,0,13,19,0
32,32,57,57,57,8,8,8,5,5,7,7,3798,253,23,26,77,57,307,120,0
17,17,8,8,8,7,1,1,3,3,5,5,95,29,25,1,13,2,144,30,0
19,19,6,6,6,6,1,1,6,6,9,9,190,40,43,0,46,0,294,6038,0
7,7,0,0,0,6,1,1,6,6,3,3,11,5,0,0,0,0,38,7389,0
10,10,5,5,5,3,0,0,5,5,1,1,66,0,0,1,7,0,28,23,2
6,6,0,0,0,7,1,1,3,3,1,1,48,0,0,0,8,0,15,18,0
13,13,57,57,57,7,17,17,5,5,4,4,2500,24,569,834,42,25,182,906,1
3,3,0,0,0,8,3,3,6,6,1,1,0,0,0,0,0,0,0,14,1
23,23,212,212,212,4,10,10,5,5,5,5,45,2443,17,4730,27,4899,133,4947,0
7,7,0,0,0,3,21,21,5,5,0,0,0,0,0,0,0,0,0,17,1
5,5,4,4,4,11,22,22,8,8,2,2,2,0,4,0,1,0,21,18,1
14,14,24,24,24,7,5,5,4,4,4,4,214,0,43,0,34,0,167,23,0
8,8,3,3,3,9,11,11,5,5,2,2,9,0,26,0,13,0,37,18,1
11,11,4,4,4,7,10,10,5,5,3,3,65,7,66,19,22,9,104,46,1
4,4,0,0,0,7,17,17,5,5,0,0,0,0,0,0,0,0,0,14,1
7,7,1,1,1,11,17,17,6,6,2,2,5,0,0,0,3,0,23,19,1
18,18,64,64,64,10,11,11,5,5,4,4,266,4,299,5,49,3,172,33,1
20,20,5,5,5,6,1,1,6,6,4,4,43,443,4,1884,8,1916,91,1950,0
24,24,24,24,24,3,0,0,5,5,7,7,25,13,11,1,14,0,123,1011,2
5,5,1,1,1,6,2,2,4,4,2,2,0,0,0,0,0,0,8,19,0
9,9,3,3,3,7,10,10,5,5,3,3,2232,7,327,19,33,21,128,36,1
4,4,0,0,0,10,1,1,5,5,2,2,3,0,2,0,2,0,13,18,0
4,4,0,0,0,7,10,10,5,5,0,0,0,0,0,0,0,0,0,15,1
19,19,180,180,180,3,3,3,4,4,2,2,52,59,63,118,32,4,83,1091,0
9,9,59,59,59,3,3,3,4,4,2,2,42,0,39,0,22,2,48,22,0
18,18,213,213,213,16,26,26,4,4,2,2,39,62,19,123,28,1225,73,1308,0
27,27,111,111,111,1,0,0,5,5,2,2,145,802,57,802,19,9242,73,12415,0
35,35,62,62,62,8,8,8,5,5,7,7,2750,237,729,28,102,55,335,122,0
2,2,0,0,0,3,1,1,3,3,2,2,1,0,0,0,0,0,7,19,1
6,6,0,0,0,7,17,17,5,5,0,0,0,0,0,0,0,0,0,14,1
6,6,0,0,0,82,3,3,8,8,0,0,0,0,0,0,0,0,0,14,1
2,2,0,0,0,8,3,3,6,6,1,1,0,0,0,0,0,0,0,14,1
7,7,0,0,0,3,21,21,5,5,1,1,0,0,0,0,0,0,0,26,1
6,6,0,0,0,4,9,9,9,9,0,0,0,0,0,0,0,0,0,17,0
19,19,8,8,8,7,1,1,3,3,5,5,95,29,25,1,13,2,142,30,0
10,10,4,4,4,7,34,34,7,7,2,2,2856,1,9,10,28,15,61,25,1
4,4,0,0,0,12,3,3,7,7,1,1,0,0,0,0,0,0,0,14,1
3,3,3,3,3,3,11,11,3,3,2,2,13,5,1,0,1,0,20,18,1
11,11,3,3,3,3,11,11,3,3,2,2,16,4,3,0,1,0,16,30,1
29,29,142,142,142,10,0,0,4,4,2,2,117,309,57,211,22,4348,79,9060,0
7,7,1,1,1,11,17,17,6,6,2,2,5,0,0,0,3,0,23,19,1
9,9,7,7,7,1,0,0,5,5,1,1,2947,4,0,0,26,12,58,22,0
6,6,0,0,0,12,3,3,7,7,0,0,0,0,0,0,0,0,0,14,1
8,8,0,0,0,17,47,47,7,7,0,0,0,0,0,0,0,0,0,14,1
16,16,60,60,60,10,11,11,5,5,4,4,265,4,308,9,70,5,188,33,1
19,19,141,141,141,4,10,10,5,5,2,2,32,1013,3,3162,14,3268,53,3346,0
7,7,2,2,2,7,5,5,4,4,2,2,0,0,0,0,0,0,8,19,0
13,13,3,3,3,8,42,42,5,5,2,2,54,6,32,10,12,3,62,38,1
4,4,0,0,0,26,6,6,7,7,0,0,0,0,0,0,0,0,0,14,1
4,4,0,0,0,10,5,5,3,3,0,0,0,0,0,0,0,0,0,17,1
7,7,0,0,0,4,9,9,9,9,0,0,0,0,0,0,0,0,0,17,0
31,31,208,208,208,4,10,10,5,5,5,5,52,1179,27,3199,19,3127,128,3284,0
36,36,63,63,63,8,8,8,5,5,8,8,3863,260,23,26,81,54,345,128,0
4,4,0,0,0,82,3,3,8,8,1,1,0,0,0,0,0,0,0,14,1
9,9,3,3,3,7,10,10,5,5,3,3,2231,3,327,19,33,20,124,36,1
36,36,66,66,66,8,8,8,5,5,7,7,2724,241,564,28,102,53,353,119,0
21,21,44,44,44,10,11,11,5,5,4,4,168,1,275,9,44,8,188,45,1
6,6,0,0,0,4,3,3,4,4,0,0,0,0,0,0,0,0,0,17,0
9,9,7,7,7,1,0,0,5,5,1,1,2947,4,0,0,26,12,58,22,0
10,10,5,5,5,7,34,34,7,7,2,2,2288,1,475,10,36,14,68,28,1
7,7,53,53,53,14,9,9,5,5,2,2,0,0,0,0,2,1,15,17,2
10,10,4,4,4,7,34,34,7,7,2,2,2963,1,9,10,28,15,63,26,1
11,11,5,5,5,7,34,34,7,7,2,2,2288,1,475,10,36,14,68,28,1
8,8,3,3,3,9,11,11,5,5,2,2,9,0,26,0,13,0,37,18,1
24,24,45,45,45,6,2,2,4,4,3,3,50,0,40,0,10,0,66,37,0
3,3,2,2,2,13,4,4,5,5,2,2,6,0,0,0,1,0,18,19,2
15,15,78,78,78,3,3,3,4,4,2,2,88,27,1,54,24,3,84,237,0
23,23,154,154,154,1,0,0,3,3,2,2,49,232,3,227,7,3690,52,3955,0
6,6,1,1,1,3,11,11,7,7,1,1,0,0,0,0,1,0,11,19,0
3,3,0,0,0,3,11,11,7,7,2,2,0,0,0,0,1,0,9,18,0
18,18,63,63,63,10,11,11,5,5,4,4,266,4,299,5,49,3,172,33,1
20,20,5,5,5,6,1,1,6,6,3,3,43,441,4,1864,8,1891,72,1934,0
9,9,0,0,0,3,1,1,3,3,2,2,1,0,0,0,0,0,10,31,1
19,19,138,138,138,4,10,10,5,5,2,2,32,716,3,2960,14,3065,53,3129,0
6,6,53,53,53,14,9,9,5,5,2,2,0,0,0,0,3,1,18,17,2
10,10,7,7,7,6,31,31,3,3,1,1,30,0,8,0,3,1,35,18,1
5,5,0,0,0,26,6,6,7,7,0,0,0,0,0,0,0,0,0,14,1
4,4,1,1,1,6,2,2,4,4,2,2,0,0,0,0,0,0,8,17,0
4,4,0,0,0,8,3,3,6,6,0,0,0,0,0,0,0,0,0,14,1
21,21,29,29,29,7,5,5,4,4,4,4,104,3,54,3,24,1,196,40,0
4,4,0,0,0,82,3,3,8,8,1,1,0,0,0,0,0,0,0,14,1
19,19,50,50,50,6,2,2,4,4,3,3,5,0,0,0,13,0,54,25,0
5,5,0,0,0,7,17,17,5,5,0,0,0,0,0,0,0,0,0,14,1
40,40,207,207,207,4,9,9,9,9,7,7,25,384,12,375,6,2874,225,0,0
19,19,6,6,6,6,1,1,6,6,9,9,190,40,43,0,46,0,294,11654,0
13,13,3,3,3,8,42,42,5,5,2,2,54,6,32,10,12,3,62,38,1
38,38,74,74,74,8,8,8,5,5,8,8,3868,231,22,38,83,66,352,160,0
15,15,57,57,57,7,17,17,5,5,4,4,2500,24,569,834,42,25,182,906,1
8,8,4,4,4,7,34,34,7,7,2,2,2856,1,9,10,28,15,61,25,1
5,5,2,2,2,4,1,1,5,5,2,2,67,0,0,0,3,0,20,19,0
5,5,0,0,0,26,6,6,7,7,0,0,0,0,0,0,0,0,0,14,1
15,15,85,85,85,3,3,3,4,4,2,2,88,27,1,54,24,3,84,266,0
20,20,156,156,156,10,0,0,4,4,2,2,25,183,11,133,17,2512,65,2678,0
20,20,58,58,58,10,11,11,5,5,4,4,266,4,302,5,49,3,174,31,1
14,14,1,1,1,11,17,17,6,6,2,2,5,0,4,0,4,0,32,31,1
4,4,0,0,0,82,3,3,8,8,1,1,0,0,0,0,0,0,0,14,1
34,34,194,194,194,4,3,3,4,4,20,20,3086,1153,725,1689,49,636,567,811,0
7,7,0,0,0,26,6,6,7,7,0,0,0,0,0,0,0,0,0,14,1
17,17,107,107,107,16,26,26,4,4,2,2,142,27,5,53,17,265,61,306,0
29,29,175,175,175,4,3,3,4,4,11,11,931,1188,636,2395,28,1255,288,1359,0
5,5,0,0,0,11,22,22,8,8,0,0,0,0,0,0,0,0,0,17,1
5,5,0,0,0,3,21,21,5,5,0,0,0,0,0,0,0,0,0,17,1
3,3,0,0,0,3,11,11,7,7,2,2,0,0,0,0,1,0,9,18,0
6,6,53,53,53,14,9,9,5,5,2,2,0,0,0,0,2,1,16,17,2
10,10,4,4,4,7,34,34,7,7,2,2,2963,1,9,10,28,15,63,25,1
8,8,4,4,4,6,31,31,3,3,1,1,35,0,10,0,4,1,37,18,1
7,7,1,1,1,11,17,17,6,6,2,2,5,0,0,0,3,0,23,19,1
14,14,6,6,6,10,0,0,4,4,1,1,27,11,0,0,1,1,46,19,0
36,36,60,60,60,8,8,8,5,5,8,8,3846,263,23,26,81,56,350,130,0
14,14,63,63,63,1,0,0,3,3,2,2,7,59,2,51,9,740,54,806,0
2,2,0,0,0,8,3,3,6,6,1,1,0,0,0,0,0,0,0,14,1
4,4,0,0,0,8,3,3,6,6,0,0,0,0,0,0,0,0,0,14,1
9,9,0,0,0,9,11,11,5,5,0,0,0,0,0,0,0,0,0,17,1
16,16,57,57,57,7,17,17,5,5,4,4,2500,24,569,834,42,25,182,914,1
5,5,0,0,0,10,5,5,3,3,1,1,0,0,0,0,0,0,0,17,1
38,38,249,249,249,4,9,9,9,9,7,7,640,702,238,670,21,2811,268,3543,0
21,21,136,136,136,4,10,10,5,5,3,3,43,1058,3,2838,14,2928,72,2982,0
20,20,175,175,175,3,3,3,4,4,2,2,52,77,63,154,32,4,83,1535,0
19,19,6,6,6,6,1,1,6,6,9,9,190,40,43,0,46,0,294,8181,0
12,12,58,58,58,1,0,0,3,3,2,2,7,44,2,36,9,152,54,206,0
4,4,0,0,0,11,22,22,8,8,0,0,0,0,0,0,0,0,0,15,1
3,3,0,0,0,3,1,1,3,3,2,2,1,0,0,0,0,0,7,19,1
7,7,4,4,4,8,42,42,5,5,2,2,2841,2,0,10,16,15,56,28,1
3,3,1,1,1,3,11,11,7,7,2,2,0,0,0,0,1,0,12,19,0
7,7,2,2,2,6,31,31,3,3,2,2,11,0,27,0,6,0,33,18,1
12,12,82,82,82,7,17,17,5,5,2,2,2348,1,517,9,34,17,69,27,1
9,9,7,7,7,6,31,31,3,3,1,1,30,0,8,0,3,1,35,16,1
11,11,4,4,4,7,34,34,7,7,2,2,2856,1,9,10,28,15,61,28,1
20,20,62,62,62,10,11,11,5,5,4,4,266,4,302,5,49,3,173,32,1
5,5,0,0,0,7,10,10,5,5,0,0,0,0,0,0,0,0,0,17,1
14,14,2,2,2,7,34,34,7,7,2,2,108,5,47,7,20,2,56,35,1
6,6,2,2,2,7,5,5,4,4,2,2,0,0,0,0,0,0,8,19,0
11,11,3,3,3,7,10,10,5,5,3,3,2231,3,327,19,33,20,124,36,1
3,3,2,2,2,13,4,4,5,5,2,2,6,0,0,0,1,0,19,19,2
34,34,186,186,186,8,8,8,5,5,3,3,212,809,139,65,32,1447,154,1567,0
6,6,0,0,0,7,10,10,5,5,0,0,0,0,0,0,0,0,0,17,1
7,7,2,2,2,7,5,5,4,4,2,2,0,0,0,0,0,0,8,19,0
4,4,0,0,0,11,22,22,8,8,0,0,0,0,0,0,0,0,0,17,1
9,9,4,4,4,8,42,42,5,5,2,2,2948,2,0,10,16,15,57,28,1
3,3,3,3,3,3,11,11,3,3,2,2,19,5,3,0,1,0,15,18,1
14,14,55,55,55,10,0,0,4,4,1,1,27,11,0,0,3,2,45,20,0
15,15,48,48,48,1,0,0,3,3,2,2,7,45,2,37,9,244,54,298,0
4,4,0,0,0,11,22,22,8,8,0,0,0,0,0,0,0,0,0,17,1
26,26,99,99,99,7,17,17,5,5,6,6,446,39,357,857,63,21,375,958,1
5,5,3,3,3,3,11,11,3,3,2,2,13,5,1,0,1,0,20,18,1
10,10,4,4,4,7,34,34,7,7,2,2,2963,1,9,10,28,15,63,25,1
9,9,4,4,4,6,31,31,3,3,1,1,35,0,10,0,4,1,37,18,1
7,7,53,53,53,14,9,9,5,5,2,2,0,0,0,0,2,1,16,17,2
18,18,64,64,64,10,11,11,5,5,4,4,266,4,299,5,49,3,172,33,1
25,25,99,99,99,7,17,17,5,5,6,6,446,39,357,857,63,21,366,962,1
17,17,155,155,155,1,0,0,3,3,2,2,28,85,2,78,10,1269,62,1365,0
9,9,4,4,4,7,34,34,7,7,2,2,2963,1,9,10,28,15,63,25,1
2,2,0,0,0,10,5,5,3,3,1,1,0,0,0,0,0,0,0,17,1
6,6,0,0,0,26,6,6,7,7,1,1,0,0,0,0,0,0,0,25,1
15,15,53,53,53,1,0,0,3,3,2,2,7,44,2,36,9,263,54,314,0
3,3,0,0,0,11,22,22,8,8,0,0,0,0,0,0,0,0,0,17,1
5,5,2,2,2,4,1,1,5,5,2,2,67,0,0,0,3,0,20,19,0
2,2,0,0,0,3,1,1,3,3,2,2,1,0,0,0,0,0,7,19,1
8,8,1,1,1,11,17,17,6,6,2,2,5,0,0,0,3,0,23,19,1
6,6,0,0,0,12,3,3,7,7,0,0,0,0,0,0,0,0,0,14,1
6,6,2,2,2,4,1,1,5,5,2,2,54,0,79,0,5,0,15,19,0
17,17,109,109,109,16,26,26,4,4,2,2,141,27,5,53,16,219,60,260,0
7,7,0,0,0,4,3,3,4,4,0,0,0,0,0,0,0,0,0,17,0
32,32,143,143,143,4,1,1,4,4,6,6,265,2277,187,1,36,6,216,39,2
7,7,0,0,0,3,3,3,4,4,1,1,0,0,0,0,0,0,0,0,0
24,24,27,27,27,8,42,42,5,5,4,4,2076,37,3550,139,45,39,194,185,1
17,17,76,76,76,3,3,3,4,4,2,2,90,96,1,192,24,3,83,1829,0
18,18,155,155,155,4,10,10,5,5,2,2,32,1094,3,3265,14,3382,53,3441,0
10,10,74,74,74,3,3,3,4,4,2,2,29,0,1,0,17,1,41,21,0
21,21,29,29,29,7,5,5,4,4,4,4,104,3,54,3,24,1,196,40,0
9,9,3,3,3,9,11,11,5,5,2,2,9,0,26,0,13,0,36,18,1
15,15,60,60,60,1,0,0,3,3,2,2,7,50,2,42,9,493,54,558,0
6,6,2,2,2,7,5,5,4,4,2,2,0,0,0,0,0,0,8,17,0
5,5,2,2,2,4,1,1,5,5,2,2,67,0,0,0,3,0,20,17,0
5,5,2,2,2,4,1,1,5,5,2,2,54,0,79,0,5,0,15,19,0
6,6,0,0,0,4,9,9,9,9,0,0,0,0,0,0,0,0,0,17,0
20,20,6,6,6,6,1,1,6,6,9,9,190,40,43,0,46,0,294,8778,0
25,25,47,47,47,6,2,2,4,4,3,3,50,0,40,0,10,0,66,37,0
10,10,3,3,3,3,11,11,3,3,2,2,16,4,3,0,1,0,16,30,1
10,10,4,4,4,7,34,34,7,7,2,2,2856,1,9,10,28,15,61,28,1
14,14,24,24,24,7,5,5,4,4,4,4,215,0,44,0,34,0,167,23,0
3,3,0,0,0,10,5,5,3,3,1,1,0,0,0,0,0,0,0,17,1
19,19,8,8,8,7,1,1,3,3,5,5,60,14,17,1,12,2,126,0,0
5,5,2,2,2,7,5,5,4,4,2,2,0,0,0,0,0,0,8,19,0
2,2,0,0,0,4,1,1,3,3,2,2,0,0,0,0,0,0,5,19,1
5,5,2,2,2,4,1,1,5,5,2,2,67,0,0,0,3,0,20,19,0
13,13,82,82,82,7,17,17,5,5,2,2,2348,1,516,9,34,17,70,27,1
9,9,1,1,1,6,31,31,3,3,2,2,6,0,8,0,3,0,30,30,1
8,8,0,0,0,4,3,3,4,4,0,0,0,0,0,0,0,0,0,17,0
27,27,348,348,348,3,21,21,5,5,14,14,3071,33,229,32,121,49,763,212,1
8,8,0,0,0,82,3,3,8,8,0,0,0,0,0,0,0,0,0,14,1
3,3,3,3,3,3,11,11,3,3,2,2,13,5,1,0,1,0,20,18,1
10,10,3,3,3,7,10,10,5,5,3,3,2232,7,327,19,33,21,128,36,1
7,7,0,0,0,4,3,3,4,4,0,0,0,0,0,0,0,0,0,15,0
8,8,1,1,1,11,17,17,6,6,2,2,5,0,0,0,3,0,23,19,1
28,28,225,225,225,1,0,0,5,5,3,3,1356,273,188,237,108,4421,186,9174,0
4,4,0,0,0,10,1,1,5,5,2,2,3,0,2,0,2,0,13,18,0
9,9,3,3,3,7,10,10,5,5,3,3,2231,3,327,19,33,20,124,36,1
4,4,4,4,4,11,22,22,8,8,2,2,2,0,4,0,1,0,21,18,1
5,5,2,2,2,4,1,1,5,5,2,2,67,0,0,0,3,0,20,19,0
18,18,8,8,8,7,1,1,3,3,5,5,94,29,25,1,13,2,143,30,0
5,5,0,0,0,7,1,1,3,3,1,1,48,0,0,0,8,0,16,18,0
38,38,79,79,79,8,8,8,5,5,8,8,3970,234,22,38,83,67,358,162,0
8,8,0,0,0,82,3,3,8,8,0,0,0,0,0,0,0,0,0,25,1
3,3,1,1,1,3,11,11,7,7,2,2,0,0,0,0,1,0,13,19,0
18,18,157,157,157,1,0,0,3,3,2,2,28,119,2,111,10,1864,62,1994,0
7,7,0,0,0,82,3,3,8,8,0,0,0,0,0,0,0,0,0,14,1
2,2,0,0,0,3,11,11,7,7,2,2,0,0,0,0,1,0,9,18,0
16,16,61,61,61,10,11,11,5,5,4,4,322,4,472,9,72,5,189,33,1
25,25,98,98,98,7,17,17,5,5,6,6,446,39,357,857,63,21,371,962,1
4,4,0,0,0,10,1,1,5,5,2,2,3,0,2,0,2,0,13,18,0
7,7,0,0,0,4,9,9,9,9,0,0,0,0,0,0,0,0,0,17,0
32,32,143,143,143,4,1,1,4,4,6,6,265,2116,187,1,36,6,216,39,2
5,5,0,0,0,26,6,6,7,7,0,0,0,0,0,0,0,0,0,14,1
7,7,0,0,0,7,17,17,5,5,0,0,0,0,0,0,0,0,0,14,1
7,7,0,0,0,7,17,17,5,5,0,0,0,0,0,0,0,0,0,14,1
5,5,2,2,2,4,1,1,5,5,2,2,54,0,79,0,5,0,15,19,0
25,25,48,48,48,3,0,0,5,5,7,7,25,13,11,1,14,0,123,1094,2
20,20,6,6,6,6,1,1,6,6,9,9,190,40,43,0,46,0,294,4744,0
4,4,0,0,0,82,3,3,8,8,1,1,0,0,0,0,0,0,0,14,1
6,6,0,0,0,7,17,17,5,5,0,0,0,0,0,0,0,0,0,14,1
11,11,13,13,13,1,0,0,5,5,1,1,3073,4,0,0,27,12,60,22,0
8,8,0,0,0,17,47,47,7,7,0,0,0,0,0,0,0,0,0,14,1
7,7,1,1,1,10,1,1,5,5,2,2,11,0,0,0,1,0,19,18,0
6,6,0,0,0,82,3,3,8,8,0,0,0,0,0,0,0,0,0,14,1
11,11,10,10,10,4,1,1,4,4,2,2,0,0,0,0,0,0,14,22,2
5,5,2,2,2,6,31,31,3,3,2,2,11,0,27,0,6,0,33,18,1
9,9,4,4,4,7,34,34,7,7,2,2,2963,1,9,10,28,15,63,25,1
6,6,0,0,0,6,1,1,6,6,3,3,11,5,0,0,0,0,38,8928,0
5,5,0,0,0,3,1,1,3,3,2,2,1,0,0,0,0,0,7,19,1
7,7,3,3,3,9,11,11,5,5,2,2,9,0,26,0,13,0,37,18,1
14,14,57,57,57,7,17,17,5,5,4,4,2509,28,571,834,42,26,184,903,1
31,31,52,52,52,8,8,8,5,5,4,4,2730,229,722,25,97,54,261,114,0
43,43,250,250,250,4,3,3,4,4,22,22,3128,1176,767,1695,63,642,687,828,0
8,8,0,0,0,4,9,9,9,9,0,0,0,0,0,0,0,0,0,17,0
5,5,2,2,2,4,1,1,5,5,2,2,67,0,0,0,3,0,20,19,0
20,20,187,187,187,3,3,3,4,4,2,2,59,119,63,238,32,4,86,2413,0
8,8,0,0,0,7,17,17,5,5,0,0,0,0,0,0,0,0,0,14,1
7,7,53,53,53,14,9,9,5,5,2,2,0,0,0,0,2,1,15,17,2
22,22,154,154,154,1,0,0,3,3,2,2,49,180,3,179,7,694,52,904,0
7,7,0,0,0,3,11,11,7,7,2,2,0,0,0,0,1,0,9,30,0
4,4,0,0,0,11,22,22,8,8,0,0,0,0,0,0,0,0,0,17,1
3,3,0,0,0,8,3,3,6,6,1,1,0,0,0,0,0,0,0,14,1
9,9,0,0,0,3,1,1,3,3,2,2,1,0,0,0,0,0,10,31,1
4,4,0,0,0,10,5,5,3,3,0,0,0,0,0,0,0,0,0,17,1
5,5,0,0,0,10,5,5,3,3,0,0,0,0,0,0,0,0,0,17,1
7,7,2,2,2,7,5,5,4,4,2,2,0,0,0,0,0,0,8,19,0
15,15,81,81,81,3,3,3,4,4,2,2,88,23,1,46,24,3,84,142,0
4,4,1,1,1,3,11,11,7,7,2,2,0,0,0,0,1,0,13,19,0
5,5,2,2,2,4,1,1,5,5,2,2,67,0,0,0,3,0,20,19,0
23,23,220,220,220,4,10,10,5,5,5,5,45,1338,17,1575,27,1643,133,1680,0
5,5,0,0,0,26,6,6,7,7,0,0,0,0,0,0,0,0,0,14,1
14,14,24,24,24,7,5,5,4,4,4,4,214,0,43,0,34,0,167,23,0
2,2,3,3,3,3,11,11,3,3,2,2,13,5,1,0,1,0,20,18,1
30,30,224,224,224,1,0,0,5,5,3,3,1364,273,188,237,108,4427,195,9203,0
12,12,10,10,10,4,1,1,4,4,2,2,0,0,0,0,0,0,14,22,2
17,17,213,213,213,16,26,26,4,4,2,2,39,62,19,123,28,1080,73,1171,0
11,11,7,7,7,1,0,0,5,5,1,1,2947,4,0,0,26,12,58,22,0
16,16,124,124,124,16,26,26,4,4,2,2,143,63,5,125,17,1008,61,1087,0
10,10,0,0,0,3,21,21,5,5,0,0,0,0,0,0,0,0,0,26,1
4,4,2,2,2,4,1,1,5,5,2,2,54,0,79,0,5,0,15,19,0
9,9,5,5,5,7,34,34,7,7,2,2,2288,1,475,10,36,14,68,28,1
3,3,0,0,0,8,3,3,6,6,0,0,0,0,0,0,0,0,0,14,1
6,6,0,0,0,82,3,3,8,8,0,0,0,0,0,0,0,0,0,14,1
9,9,0,0,0,3,21,21,5,5,0,0,0,0,0,0,0,0,0,26,1
20,20,127,127,127,4,10,10,5,5,3,3,43,832,3,2294,14,2382,72,2429,0
4,4,0,0,0,4,1,1,3,3,1,1,0,0,0,0,0,0,6,19,1
6,6,0,0,0,7,34,34,7,7,2,2,2955,1,1,5,17,15,58,18,1
10,10,0,0,0,4,1,1,5,5,2,2,60,0,75,0,4,0,23,31,0
3,3,2,2,2,13,4,4,5,5,2,2,6,0,0,0,1,0,19,19,2
6,6,0,0,0,7,17,17,5,5,0,0,0,0,0,0,0,0,0,14,1
16,16,97,97,97,10,11,11,5,5,4,4,264,4,306,9,70,5,188,33,1
37,37,68,68,68,8,8,8,5,5,8,8,3921,232,22,38,83,61,362,157,0
28,28,334,334,334,3,21,21,5,5,15,15,3068,29,237,33,121,48,844,219,1
22,22,47,47,47,10,11,11,5,5,4,4,168,1,275,9,44,8,188,45,1
37,37,83,83,83,8,8,8,5,5,8,8,3918,234,22,38,83,67,361,162,0
7,7,4,4,4,8,42,42,5,5,2,2,2841,2,0,10,16,15,56,28,1
7,7,0,0,0,7,17,17,5,5,0,0,0,0,0,0,0,0,0,14,1
8,8,3,3,3,9,11,11,5,5,2,2,9,0,26,0,13,0,37,18,1
25,25,98,98,98,7,17,17,5,5,6,6,446,39,357,857,63,21,371,963,1
7,7,4,4,4,11,22,22,8,8,2,2,2,0,4,0,1,0,21,18,1
14,14,14,14,14,10,0,0,4,4,1,1,27,10,0,0,3,2,46,20,0
3,3,2,2,2,13,4,4,5,5,2,2,6,0,0,0,1,0,19,17,2
5,5,1,1,1,3,11,11,7,7,1,1,0,0,0,0,1,0,11,19,0
13,13,84,84,84,7,17,17,5,5,2,2,2351,5,519,9,34,18,71,27,1
10,10,10,10,10,4,1,1,4,4,2,2,0,0,0,0,0,0,14,22,2
10,10,3,3,3,7,10,10,5,5,3,3,2232,7,327,19,33,21,128,36,1
14,14,13,13,13,10,0,0,4,4,1,1,27,11,0,0,1,1,46,19,0
15,15,95,95,95,16,26,26,4,4,2,2,142,20,5,39,17,91,61,125,0
10,10,0,0,0,4,1,1,5,5,2,2,60,0,75,0,4,0,23,31,0
24,24,22,22,22,3,0,0,5,5,7,7,25,13,11,1,14,0,123,997,2
6,6,0,0,0,82,3,3,8,8,0,0,0,0,0,0,0,0,0,14,1
10,10,0,0,0,13,4,4,5,5,2,2,49,0,12,0,3,0,20,30,2
21,21,212,212,212,4,10,10,5,5,3,3,40,1574,17,2747,25,2868,90,2905,0
13,13,3,3,3,8,42,42,5,5,2,2,54,6,32,10,12,3,62,38,1
15,15,7,7,7,7,1,1,3,3,5,5,96,29,25,1,13,2,140,29,0
5,5,0,0,0,17,47,47,7,7,0,0,0,0,0,0,0,0,0,14,1
7,7,0,0,0,3,21,21,5,5,0,0,0,0,0,0,0,0,0,17,1
18,18,8,8,8,7,1,1,3,3,5,5,96,29,25,1,13,2,143,30,0
4,4,0,0,0,8,3,3,6,6,0,0,0,0,0,0,0,0,0,14,1
24,24,22,22,22,3,0,0,5,5,7,7,25,13,11,1,14,0,123,1113,2
15,15,114,114,114,3,3,3,4,4,2,2,90,23,1,46,24,3,81,139,0
7,7,1,1,1,10,1,1,5,5,2,2,11,0,0,0,1,0,19,18,0
6,6,2,2,2,4,1,1,5,5,2,2,67,0,0,0,3,0,20,19,0
8,8,3,3,3,9,11,11,5,5,2,2,9,0,26,0,13,0,37,18,1
34,34,143,143,143,4,1,1,4,4,6,6,265,2118,187,1,36,6,216,39,2
6,6,1,1,1,3,11,11,7,7,1,1,0,0,0,0,1,0,11,19,0
33,33,143,143,143,4,1,1,4,4,6,6,265,2230,187,1,36,6,216,39,2
3,3,0,0,0,3,1,1,3,3,2,2,1,0,0,0,0,0,7,19,1
11,11,10,10,10,4,1,1,4,4,2,2,0,0,0,0,0,0,14,22,2
12,12,11,11,11,3,0,0,5,5,1,1,88,0,0,1,8,0,30,23,2
14,14,24,24,24,7,5,5,4,4,4,4,215,0,44,0,34,0,167,23,0
6,6,1,1,1,10,1,1,5,5,2,2,11,0,0,0,1,0,19,16,0
4,4,0,0,0,10,1,1,5,5,2,2,3,0,2,0,2,0,13,18,0
25,25,212,212,212,16,26,26,4,4,2,2,42,172,20,344,17,4312,68,4725,0
7,7,0,0,0,7,17,17,5,5,0,0,0,0,0,0,0,0,0,14,1
7,7,0,0,0,9,11,11,5,5,0,0,0,0,0,0,0,0,0,17,1
4,4,0,0,0,13,4,4,5,5,2,2,0,0,0,0,1,0,11,18,2
10,10,3,3,3,7,10,10,5,5,3,3,2231,3,328,19,33,20,124,36,1
9,9,0,0,0,17,47,47,7,7,0,0,0,0,0,0,0,0,0,14,1
10,10,1,1,1,6,31,31,3,3,2,2,6,0,8,0,3,0,30,30,1
29,29,144,144,144,4,10,10,5,5,5,5,52,1179,27,2477,19,2404,128,2542,0
20,20,132,132,132,4,10,10,5,5,3,3,43,1054,3,3035,14,3126,72,3186,0
21,21,155,155,155,1,0,0,3,3,2,2,49,216,3,212,7,2178,51,2418,0
33,33,143,143,143,4,1,1,4,4,6,6,265,2129,187,1,36,6,216,39,2
32,32,141,141,141,4,1,1,4,4,7,7,121,1137,61,1,14,5,200,47,2
10,10,0,0,0,13,4,4,5,5,2,2,49,0,12,0,3,0,20,30,2
7,7,0,0,0,12,3,3,7,7,1,1,0,0,0,0,0,0,0,25,1
15,15,60,60,60,1,0,0,3,3,2,2,7,60,2,52,9,812,54,893,0
8,8,0,0,0,17,47,47,7,7,0,0,0,0,0,0,0,0,0,14,1
7,7,0,0,0,7,17,17,5,5,0,0,0,0,0,0,0,0,0,14,1
36,36,59,59,59,8,8,8,5,5,8,8,3806,260,23,26,81,57,344,132,0
32,32,143,143,143,4,1,1,4,4,6,6,265,1342,187,1,36,6,216,39,2
19,19,5,5,5,6,1,1,6,6,4,4,43,438,4,1546,8,1575,91,1612,0
24,24,218,218,218,4,10,10,5,5,5,5,45,981,17,797,27,858,133,891,0
8,8,0,0,0,7,1,1,3,3,1,1,48,0,0,0,8,0,16,18,0
7,7,1,1,1,11,17,17,6,6,2,2,5,0,0,0,3,0,23,19,1
7,7,0,0,0,7,1,1,3,3,1,1,48,0,0,0,8,0,15,18,0
6,6,0,0,0,82,3,3,8,8,0,0,0,0,0,0,0,0,0,14,1
8,8,0,0,0,9,11,11,5,5,0,0,0,0,0,0,0,0,0,17,1
29,29,225,225,225,1,0,0,5,5,3,3,1360,273,188,237,108,4418,195,9165,0
35,35,207,207,207,10,0,0,4,4,14,14,828,317,344,212,34,4351,320,8988,0
30,30,317,317,317,3,21,21,5,5,14,14,3068,29,237,32,121,48,767,209,1
7,7,53,53,53,14,9,9,5,5,2,2,0,0,0,0,2,1,16,17,2
4,4,0,0,0,10,1,1,5,5,1,1,0,0,0,0,0,0,0,18,0
17,17,215,215,215,16,26,26,4,4,2,2,39,119,19,237,28,2119,73,2264,0
6,6,53,53,53,14,9,9,5,5,2,2,0,0,0,0,2,1,15,17,2
18,18,49,49,49,6,2,2,4,4,3,3,5,0,0,0,13,0,54,25,0
24,24,211,211,211,16,26,26,4,4,2,2,42,119,20,238,17,3613,68,3794,0
3,3,0,0,0,10,5,5,3,3,1,1,0,0,0,0,0,0,0,17,1
19,19,6,6,6,6,1,1,6,6,9,9,190,40,43,0,46,0,294,8915,0
10,10,10,10,10,4,1,1,4,4,2,2,0,0,0,0,0,0,14,22,2
40,40,267,267,267,4,3,3,4,4,22,22,3118,1160,766,1690,63,640,669,817,0
10,10,4,4,4,7,34,34,7,7,2,2,2856,1,9,10,28,15,61,28,1
18,18,8,8,8,7,1,1,3,3,5,5,94,29,25,1,13,2,142,30,0
10,10,0,0,0,3,1,1,3,3,2,2,1,0,0,0,0,0,10,31,1
21,21,125,125,125,10,0,0,4,4,2,2,26,183,11,133,17,2348,66,2535,0
6,6,0,0,0,12,3,3,7,7,0,0,0,0,0,0,0,0,0,14,1
5,5,2,2,2,4,1,1,5,5,2,2,54,0,79,0,5,0,15,19,0
25,25,97,97,97,7,17,17,5,5,6,6,446,39,357,857,63,21,372,960,1
7,7,53,53,53,14,9,9,5,5,2,2,0,0,0,0,2,1,15,17,2
4,4,0,0,0,10,1,1,5,5,2,2,3,0,2,0,2,0,13,18,0
5,5,0,0,0,8,3,3,6,6,0,0,0,0,0,0,0,0,0,14,1
5,5,0,0,0,10,5,5,3,3,0,0,0,0,0,0,0,0,0,17,1
7,7,0,0,0,7,17,17,5,5,0,0,0,0,0,0,0,0,0,14,1
16,16,102,102,102,16,26,26,4,4,2,2,143,33,5,65,17,341,61,390,0
23,23,91,91,91,3,0,0,5,5,8,8,36,9,8,1,15,0,148,1700,2
4,4,3,3,3,3,11,11,3,3,2,2,19,5,3,0,1,0,15,18,1
10,10,10,10,10,4,1,1,4,4,2,2,0,0,0,0,0,0,14,22,2
7,7,0,0,0,4,3,3,4,4,0,0,0,0,0,0,0,0,0,17,0
23,23,213,213,213,4,10,10,5,5,5,5,45,2204,17,4959,27,5122,133,5182,0
34,34,56,56,56,8,8,8,5,5,7,7,3058,241,729,27,103,55,350,121,0
3,3,0,0,0,26,6,6,7,7,1,1,0,0,0,0,0,0,0,14,1
17,17,155,155,155,1,0,0,3,3,2,2,28,109,2,101,10,1720,62,1850,0
23,23,256,256,256,4,10,10,5,5,5,5,45,1491,17,1919,27,2001,133,2035,0
4,4,0,0,0,4,1,1,3,3,1,1,0,0,0,0,0,0,6,19,1
6,6,2,2,2,7,5,5,4,4,2,2,0,0,0,0,0,0,8,17,0
7,7,4,4,4,8,42,42,5,5,2,2,2841,2,0,10,16,15,56,28,1
17,17,194,194,194,1,0,0,3,3,2,2,28,138,2,130,10,2119,62,2276,0
23,23,212,212,212,4,10,10,5,5,5,5,45,1610,17,4264,27,4420,133,4471,0
10,10,11,11,11,3,0,0,5,5,1,1,88,0,0,1,8,0,30,23,2
11,11,0,0,0,10,1,1,5,5,2,2,1,0,1,0,1,0,12,0,0
2,2,0,0,0,3,1,1,3,3,2,2,1,0,0,0,0,0,7,19,1
9,9,4,4,4,8,42,42,5,5,2,2,2948,2,0,10,16,15,57,28,1
19,19,205,205,205,3,21,21,5,5,8,8,785,16,110,14,79,11,314,136,1
23,23,255,255,255,4,10,10,5,5,5,5,45,1998,17,4226,27,4375,133,4422,0
9,9,0,0,0,3,21,21,5,5,2,2,4,0,4,5,12,0,28,112,1
7,7,0,0,0,4,9,9,9,9,0,0,0,0,0,0,0,0,0,17,0
8,8,3,3,3,10,1,1,5,5,2,2,11,0,0,0,1,0,20,18,0
5,5,0,0,0,8,3,3,6,6,1,1,0,0,0,0,0,0,0,25,1
5,5,0,0,0,7,17,17,5,5,0,0,0,0,0,0,0,0,0,14,1
17,17,107,107,107,16,26,26,4,4,2,2,142,30,5,59,17,309,61,354,0
5,5,4,4,4,11,22,22,8,8,2,2,2,0,4,0,1,0,21,18,1
13,13,82,82,82,7,17,17,5,5,2,2,2348,1,516,9,34,17,69,27,1
7,7,4,4,4,6,31,31,3,3,1,1,35,0,10,0,4,1,37,18,1
8,8,0,0,0,17,47,47,7,7,0,0,0,0,0,0,0,0,0,14,1
9,9,3,3,3,7,10,10,5,5,3,3,2231,3,327,19,33,20,124,36,1
12,12,24,24,24,7,5,5,4,4,4,4,214,0,43,0,34,0,167,23,0
52,52,363,363,363,4,9,9,9,9,34,34,3361,1063,986,1011,92,2970,1671,4028,0
24,24,45,45,45,6,2,2,4,4,3,3,50,0,40,0,10,0,66,37,0
17,17,157,157,157,1,0,0,3,3,2,2,28,85,2,78,10,1249,62,1349,0
4,4,1,1,1,3,11,11,7,7,2,2,0,0,0,0,1,0,13,17,0
8,8,1,1,1,10,1,1,5,5,2,2,18,0,0,0,2,0,23,18,0
7,7,0,0,0,3,21,21,5,5,0,0,0,0,0,0,0,0,0,15,1
25,25,25,25,25,3,0,0,5,5,7,7,25,13,11,1,14,0,123,0,2
36,36,60,60,60,8,8,8,5,5,8,8,3809,260,23,26,81,57,342,132,0
7,7,1,1,1,10,1,1,5,5,2,2,10,0,0,0,1,0,19,16,0
21,21,225,225,225,3,3,3,4,4,2,2,59,89,63,178,32,4,86,1763,0
21,21,128,128,128,4,10,10,5,5,3,3,43,1095,3,3306,14,3456,72,3499,0
7,7,1,1,1,11,17,17,6,6,2,2,5,0,0,0,3,0,23,19,1
3,3,0,0,0,3,1,1,3,3,2,2,1,0,0,0,0,0,7,19,1
14,14,24,24,24,7,5,5,4,4,4,4,214,0,43,0,34,0,167,23,0
6,6,0,0,0,12,3,3,7,7,1,1,0,0,0,0,0,0,0,25,1
6,6,1,1,1,3,11,11,7,7,1,1,0,0,0,0,1,0,11,19,0
20,20,72,72,72,10,11,11,5,5,4,4,266,4,302,5,49,3,174,31,1
6,6,1,1,1,10,1,1,5,5,2,2,11,0,0,0,1,0,19,16,0
6,6,53,53,53,14,9,9,5,5,2,2,0,0,0,0,2,1,16,17,2
19,19,64,64,64,10,11,11,5,5,4,4,266,4,299,5,49,3,172,31,1
20,20,8,8,8,7,1,1,3,3,5,5,95,29,25,1,13,2,142,30,0
3,3,0,0,0,10,5,5,3,3,1,1,0,0,0,0,0,0,0,17,1
6,6,53,53,53,14,9,9,5,5,2,2,0,0,0,0,2,1,15,17,2
10,10,7,7,7,1,0,0,5,5,1,1,2947,4,0,0,26,12,58,22,0
9,9,4,4,4,8,42,42,5,5,2,2,2948,2,0,10,16,15,57,28,1
29,29,224,224,224,1,0,0,5,5,3,3,1362,273,188,237,108,4417,195,9181,0
4,4,0,0,0,12,3,3,7,7,0,0,0,0,0,0,0,0,0,14,1
3,3,0,0,0,8,3,3,6,6,0,0,0,0,0,0,0,0,0,14,1
33,33,100,100,100,8,8,8,5,5,4,4,3773,244,23,26,69,59,222,115,0
20,20,130,130,130,4,10,10,5,5,2,2,32,1099,3,3303,14,3414,53,3478,0
14,14,1,1,1,11,17,17,6,6,2,2,5,0,4,0,4,0,32,31,1
6,6,4,4,4,11,22,22,8,8,2,2,2,0,4,0,1,0,21,18,1
12,12,57,57,57,7,17,17,5,5,4,4,2509,28,571,834,42,26,184,913,1
17,17,156,156,156,1,0,0,3,3,2,2,28,143,2,135,10,2824,62,2985,0
2,2,0,0,0,11,22,22,8,8,0,0,0,0,0,0,0,0,0,17,1
10,10,0,0,0,3,3,3,4,4,1,1,0,0,0,0,0,0,0,0,0
29,29,225,225,225,1,0,0,5,5,3,3,1362,273,188,237,108,4421,195,9169,0
22,22,170,170,170,10,0,0,4,4,2,2,26,305,11,206,17,4337,66,7544,0
15,15,81,81,81,3,3,3,4,4,2,2,55,20,1,40,24,3,71,139,0
6,6,0,0,0,4,3,3,4,4,0,0,0,0,0,0,0,0,0,17,0
9,9,3,3,3,7,10,10,5,5,3,3,2231,3,328,19,33,20,124,36,1
8,8,0,0,0,82,3,3,8,8,0,0,0,0,0,0,0,0,0,14,1
19,19,47,47,47,6,2,2,4,4,3,3,5,0,0,0,13,0,55,25,0
4,4,3,3,3,13,4,4,5,5,2,2,6,0,0,0,2,0,23,20,2
7,7,0,0,0,4,9,9,9,9,0,0,0,0,0,0,0,0,0,17,0
3,3,0,0,0,7,10,10,5,5,0,0,0,0,0,0,0,0,0,17,1
5,5,0,0,0,17,47,47,7,7,1,1,0,0,0,0,0,0,0,14,1
10,10,4,4,4,7,34,34,7,7,2,2,2856,1,9,10,28,15,61,25,1
6,6,1,1,1,3,11,11,7,7,2,2,0,0,0,0,1,0,13,19,0
6,6,1,1,1,3,11,11,7,7,1,1,0,0,0,0,1,0,11,19,0
7,7,0,0,0,9,11,11,5,5,0,0,0,0,0,0,0,0,0,17,1
33,33,160,160,160,10,0,0,4,4,10,10,827,316,344,211,34,4350,228,8935,0
20,20,187,187,187,3,3,3,4,4,2,2,59,35,63,70,32,4,85,555,0
3,3,1,1,1,3,11,11,7,7,2,2,0,0,0,0,1,0,13,17,0
14,14,24,24,24,7,5,5,4,4,4,4,214,0,43,0,34,0,167,23,0
6,6,53,53,53,14,9,9,5,5,2,2,0,0,0,0,3,1,18,17,2
17,17,60,60,60,10,11,11,5,5,4,4,265,4,308,9,70,5,189,33,1
9,9,11,11,11,3,0,0,5,5,1,1,88,0,0,1,8,0,30,23,2
38,38,77,77,77,8,8,8,5,5,8,8,3814,231,22,38,83,67,347,162,0
9,9,3,3,3,7,10,10,5,5,3,3,2232,7,327,19,33,21,128,36,1
6,6,0,0,0,3,21,21,5,5,0,0,0,0,0,0,0,0,0,17,1
7,7,0,0,0,4,3,3,4,4,0,0,0,0,0,0,0,0,0,17,0
4,4,1,1,1,6,2,2,4,4,2,2,0,0,0,0,0,0,8,17,0
3,3,0,0,0,4,1,1,3,3,2,2,0,0,0,0,0,0,5,19,1
14,14,24,24,24,7,5,5,4,4,4,4,214,0,43,0,34,0,167,23,0
13,13,3,3,3,8,42,42,5,5,2,2,54,6,32,10,12,3,62,38,1
36,36,214,214,214,4,9,9,9,9,7,7,630,630,231,605,21,2606,267,3267,0
7,7,3,3,3,8,42,42,5,5,2,2,2289,6,467,10,26,16,67,28,1
13,13,82,82,82,7,17,17,5,5,2,2,2348,1,517,9,34,17,69,27,1
29,29,112,112,112,4,10,10,5,5,5,5,52,1179,27,2148,19,2089,128,2214,0
5,5,0,0,0,82,3,3,8,8,0,0,0,0,0,0,0,0,0,14,1
2,2,0,0,0,3,11,11,7,7,2,2,0,0,0,0,1,0,9,18,0
4,4,3,3,3,3,11,11,3,3,2,2,19,5,3,0,1,0,15,18,1
33,33,201,201,201,10,0,0,4,4,14,14,828,317,344,212,34,4352,327,9123,0
5,5,0,0,0,7,1,1,3,3,1,1,48,0,0,0,8,0,16,18,0
9,9,7,7,7,6,31,31,3,3,1,1,30,0,8,0,3,1,35,16,1
24,24,45,45,45,6,2,2,4,4,3,3,50,0,40,0,10,0,66,37,0
10,10,0,0,0,4,1,1,5,5,2,2,60,0,75,0,4,0,23,31,0
10,10,5,5,5,3,0,0,5,5,1,1,66,0,0,1,7,0,28,23,2
5,5,0,0,0,11,22,22,8,8,0,0,0,0,0,0,0,0,0,17,1
8,8,2,2,2,6,31,31,3,3,2,2,11,0,27,0,6,0,33,18,1
6,6,0,0,0,7,1,1,3,3,1,1,48,0,0,0,8,0,15,18,0
37,37,221,221,221,4,9,9,9,9,7,7,644,566,232,541,21,2227,267,2822,0
4,4,2,2,2,4,1,1,5,5,2,2,54,0,79,0,5,0,15,19,0
5,5,2,2,2,7,5,5,4,4,2,2,0,0,0,0,0,0,8,19,0
28,28,258,258,258,1,0,0,5,5,3,3,1193,235,175,236,94,4423,161,9508,0
24,24,24,24,24,8,8,8,5,5,2,2,53,5,30,5,7,2,56,1987,0
27,27,13,13,13,6,1,1,6,6,7,7,214,39,132,5,30,7,230,0,0
21,21,57,57,57,3,0,0,5,5,8,8,36,9,8,1,15,0,147,2378,2
22,22,153,153,153,1,0,0,3,3,2,2,49,180,3,179,7,685,52,896,0
18,18,103,103,103,16,26,26,4,4,2,2,143,33,5,65,17,323,61,375,0
4,4,0,0,0,7,1,1,3,3,1,1,48,0,0,0,8,0,16,18,0
6,6,0,0,0,7,1,1,3,3,1,1,48,0,0,0,8,0,15,16,0
25,25,99,99,99,7,17,17,5,5,6,6,446,39,357,857,63,21,374,960,1
17,17,211,211,211,16,26,26,4,4,2,2,39,62,19,123,28,1180,73,1264,0
20,20,155,155,155,4,10,10,5,5,2,2,32,769,3,2686,14,2794,53,2845,0
39,39,202,202,202,4,9,9,9,9,7,7,25,307,12,299,6,2144,225,0,0
20,20,179,179,179,3,3,3,4,4,2,2,52,120,63,240,32,4,85,2425,0
7,7,0,0,0,26,6,6,7,7,0,0,0,0,0,0,0,0,0,14,1
7,7,2,2,2,7,5,5,4,4,2,2,0,0,0,0,0,0,8,17,0
28,28,112,112,112,1,0,0,5,5,2,2,146,802,58,802,19,9303,73,14981,0
6,6,0,0,0,6,1,1,6,6,3,3,11,5,0,0,0,0,38,7730,0
6,6,0,0,0,17,47,47,7,7,0,0,0,0,0,0,0,0,0,14,1
7,7,2,2,2,6,31,31,3,3,2,2,11,0,27,0,6,0,33,18,1
2,2,0,0,0,8,3,3,6,6,1,1,0,0,0,0,0,0,0,14,1
20,20,51,51,51,6,2,2,4,4,3,3,5,0,0,0,13,0,54,25,0
8,8,4,4,4,8,42,42,5,5,2,2,2841,2,0,10,16,15,56,28,1
19,19,63,63,63,10,11,11,5,5,4,4,266,4,299,5,49,3,172,33,1
27,27,172,172,172,4,3,3,4,4,11,11,2979,1133,718,1440,36,402,283,532,0
7,7,0,0,0,17,47,47,7,7,0,0,0,0,0,0,0,0,0,14,1
28,28,224,224,224,1,0,0,5,5,3,3,1193,235,175,236,94,4420,161,9126,0
39,39,205,205,205,4,9,9,9,9,7,7,25,381,12,372,6,2846,225,0,0
23,23,46,46,46,10,11,11,5,5,4,4,168,1,275,9,44,8,188,45,1
4,4,0,0,0,8,3,3,6,6,0,0,0,0,0,0,0,0,0,14,1
12,12,5,5,5,7,17,17,5,5,4,4,2316,21,493,828,36,19,141,901,1
3,3,0,0,0,4,1,1,3,3,1,1,0,0,0,0,0,0,6,19,1
3,3,0,0,0,3,1,1,3,3,2,2,1,0,0,0,0,0,7,19,1
23,23,213,213,213,4,10,10,5,5,5,5,45,898,17,445,27,492,133,523,0
6,6,0,0,0,17,47,47,7,7,0,0,0,0,0,0,0,0,0,14,1
3,3,1,1,1,6,2,2,4,4,2,2,0,0,0,0,0,0,8,19,0
17,17,215,215,215,16,26,26,4,4,2,2,39,62,19,123,28,1194,73,1275,0
8,8,0,0,0,3,21,21,5,5,0,0,0,0,0,0,0,0,0,17,1
4,4,0,0,0,3,3,3,4,4,1,1,0,0,0,0,0,0,0,21,0
26,26,221,221,221,1,0,0,5,5,3,3,1253,161,187,200,84,3150,156,6518,0
8,8,3,3,3,9,11,11,5,5,2,2,9,0,26,0,13,0,37,18,1
5,5,0,0,0,7,17,17,5,5,0,0,0,0,0,0,0,0,0,14,1
4,4,0,0,0,11,22,22,8,8,0,0,0,0,0,0,0,0,0,15,1
23,23,213,213,213,4,10,10,5,5,5,5,45,2493,17,4730,27,4874,133,4930,0
5,5,1,1,1,6,2,2,4,4,2,2,0,0,0,0,0,0,8,17,0
26,26,98,98,98,7,17,17,5,5,6,6,446,39,357,857,63,21,369,960,1
7,7,1,1,1,11,17,17,6,6,2,2,4,0,0,0,3,0,24,19,1
17,17,213,213,213,16,26,26,4,4,2,2,39,59,19,117,28,1028,73,1108,0
7,7,1,1,1,11,17,17,6,6,2,2,5,0,0,0,3,0,23,19,1
16,16,19,19,19,10,0,0,4,4,1,1,27,10,0,0,3,2,46,20,0
10,10,3,3,3,7,10,10,5,5,3,3,2231,3,327,19,33,20,124,36,1
4,4,0,0,0,4,1,1,3,3,1,1,0,0,0,0,0,0,6,19,1
6,6,0,0,0,11,22,22,8,8,0,0,0,0,0,0,0,0,0,17,1
9,9,10,10,10,4,1,1,4,4,2,2,0,0,0,0,0,0,14,22,2
13,13,84,84,84,7,17,17,5,5,2,2,2351,5,519,9,34,18,71,27,1
8,8,0,0,0,4,1,1,3,3,2,2,1,0,0,0,0,0,11,31,1
13,13,3,3,3,8,42,42,5,5,2,2,54,6,32,10,12,3,62,38,1
10,10,4,4,4,7,34,34,7,7,2,2,2963,1,9,10,28,15,63,25,1
6,6,0,0,0,26,6,6,7,7,0,0,0,0,0,0,0,0,0,14,1
32,32,210,210,210,4,10,10,5,5,5,5,52,1179,27,3990,19,3917,128,4080,0
4,4,0,0,0,4,1,1,3,3,1,1,0,0,0,0,0,0,6,19,1
5,5,0,0,0,7,17,17,5,5,0,0,0,0,0,0,0,0,0,14,1
5,5,0,0,0,9,11,11,5,5,0,0,0,0,0,0,0,0,0,17,1
5,5,0,0,0,4,9,9,9,9,0,0,0,0,0,0,0,0,0,17,0
4,4,3,3,3,3,11,11,3,3,2,2,13,5,1,0,1,0,19,18,1
6,6,1,1,1,3,11,11,7,7,1,1,0,0,0,0,1,0,11,19,0
5,5,0,0,0,8,3,3,6,6,0,0,0,0,0,0,0,0,0,14,1
24,24,21,21,21,3,0,0,5,5,7,7,25,13,11,1,14,0,123,1062,2
34,34,17,17,17,6,1,1,6,6,8,8,244,340,152,2106,38,1955,282,2186,0
15,15,83,83,83,3,3,3,4,4,2,2,88,27,1,54,24,3,84,288,0
25,25,111,111,111,1,0,0,5,5,2,2,126,419,48,585,15,6336,68,9519,0
34,34,190,190,190,10,0,0,4,4,14,14,828,317,344,212,34,4353,329,9085,0
8,8,0,0,0,4,3,3,4,4,0,0,0,0,0,0,0,0,0,17,0
17,17,156,156,156,1,0,0,3,3,2,2,28,92,2,84,10,1461,62,1562,0
11,11,10,10,10,4,1,1,4,4,2,2,0,0,0,0,0,0,14,22,2
5,5,0,0,0,8,3,3,6,6,0,0,0,0,0,0,0,0,0,14,1
11,11,3,3,3,7,10,10,5,5,3,3,2231,3,327,19,33,19,124,36,1
5,5,0,0,0,3,3,3,4,4,1,1,0,0,0,0,0,0,0,24,0
11,11,3,3,3,3,11,11,3,3,2,2,16,4,3,0,1,0,16,30,1
3,3,0,0,0,3,1,1,3,3,2,2,1,0,0,0,0,0,7,19,1
7,7,0,0,0,7,10,10,5,5,0,0,0,0,0,0,0,0,0,17,1
2,2,0,0,0,8,3,3,6,6,1,1,0,0,0,0,0,0,0,14,1
36,36,220,220,220,4,9,9,9,9,7,7,676,657,274,633,22,2491,267,3170,0
19,19,6,6,6,6,1,1,6,6,9,9,190,40,43,0,46,0,294,9523,0
20,20,218,218,218,3,3,3,4,4,2,2,52,137,63,274,32,4,85,3092,0
9,9,11,11,11,3,0,0,5,5,1,1,88,0,0,1,8,0,30,23,2
36,36,239,239,239,4,9,9,9,9,7,7,676,621,274,594,22,1597,268,2246,0
8,8,0,0,0,9,11,11,5,5,0,0,0,0,0,0,0,0,0,17,1
6,6,53,53,53,14,9,9,5,5,2,2,0,0,0,0,2,1,15,17,2
4,4,0,0,0,10,5,5,3,3,0,0,0,0,0,0,0,0,0,17,1
30,30,119,119,119,1,0,0,5,5,4,4,161,825,62,802,20,9299,114,13979,0
8,8,0,0,0,82,3,3,8,8,0,0,0,0,0,0,0,0,0,25,1
4,4,0,0,0,11,22,22,8,8,0,0,0,0,0,0,0,0,0,15,1
3,3,0,0,0,12,3,3,7,7,1,1,0,0,0,0,0,0,0,14,1
3,3,0,0,0,4,1,1,3,3,2,2,0,0,0,0,0,0,5,19,1
4,4,2,2,2,4,1,1,5,5,2,2,54,0,79,0,5,0,15,19,0
9,9,79,79,79,3,3,3,4,4,2,2,29,0,1,0,17,1,41,21,0
25,25,99,99,99,7,17,17,5,5,6,6,446,39,357,857,64,21,374,964,1
24,24,24,24,24,8,8,8,5,5,2,2,53,5,30,5,7,2,56,1709,0
19,19,6,6,6,6,1,1,6,6,9,9,190,40,43,0,46,0,294,7915,0
2,2,0,0,0,8,3,3,6,6,1,1,0,0,0,0,0,0,0,14,1
4,4,0,0,0,3,1,1,3,3,2,2,1,0,0,0,0,0,7,19,1
4,4,0,0,0,8,3,3,6,6,0,0,0,0,0,0,0,0,0,14,1
7,7,1,1,1,3,11,11,7,7,1,1,0,0,0,0,1,0,11,19,0
7,7,1,1,1,10,1,1,5,5,2,2,11,0,0,0,1,0,19,18,0
5,5,0,0,0,10,1,1,5,5,2,2,3,0,2,0,2,0,13,18,0
6,6,0,0,0,7,10,10,5,5,0,0,0,0,0,0,0,0,0,15,1
13,13,3,3,3,8,42,42,5,5,2,2,54,6,32,10,12,3,62,38,1
5,5,0,0,0,4,9,9,9,9,0,0,0,0,0,0,0,0,0,17,0
7,7,0,0,0,17,47,47,7,7,0,0,0,0,0,0,0,0,0,14,1
8,8,2,2,2,6,31,31,3,3,2,2,11,0,27,0,6,0,33,18,1
29,29,175,175,175,4,3,3,4,4,12,12,3024,1208,738,1753,43,633,299,772,0
21,21,153,153,153,1,0,0,3,3,2,2,49,219,3,215,7,2649,52,3033,0
4,4,0,0,0,26,6,6,7,7,1,1,0,0,0,0,0,0,0,14,1
7,7,1,1,1,11,17,17,6,6,2,2,5,0,0,0,3,0,23,19,1
21,21,6,6,6,6,1,1,6,6,9,9,190,40,43,0,46,0,294,8054,0
15,15,114,114,114,3,3,3,4,4,2,2,88,27,1,54,24,3,83,267,0
5,5,0,0,0,7,17,17,5,5,0,0,0,0,0,0,0,0,0,14,1
13,13,57,57,57,7,17,17,5,5,4,4,2500,24,569,834,42,25,183,909,1
17,17,122,122,122,16,26,26,4,4,2,2,143,66,5,131,17,1107,61,1192,0
8,8,1,1,1,10,1,1,5,5,2,2,19,0,0,0,2,0,23,20,0
19,19,67,67,67,10,11,11,5,5,4,4,266,4,299,5,49,3,172,33,1
7,7,1,1,1,11,17,17,6,6,2,2,4,0,0,0,3,0,24,19,1
19,19,8,8,8,7,1,1,3,3,5,5,96,29,25,1,13,2,144,30,0
9,9,10,10,10,4,1,1,4,4,2,2,0,0,0,0,0,0,14,22,2
27,27,111,111,111,1,0,0,5,5,2,2,146,802,58,802,19,9297,73,13399,0
13,13,3,3,3,8,42,42,5,5,2,2,54,6,32,10,12,3,62,38,1
19,19,8,8,8,7,1,1,3,3,5,5,95,29,25,1,13,2,142,30,0
10,10,4,4,4,6,31,31,3,3,1,1,35,0,10,0,4,1,37,18,1
29,29,45,45,45,8,8,8,5,5,4,4,2714,220,722,25,89,49,256,100,0
6,6,0,0,0,26,6,6,7,7,0,0,0,0,0,0,0,0,0,14,1
7,7,0,0,0,7,1,1,3,3,1,1,48,0,0,0,8,0,15,18,0
8,8,0,0,0,4,9,9,9,9,0,0,0,0,0,0,0,0,0,17,0
7,7,0,0,0,4,3,3,4,4,0,0,0,0,0,0,0,0,0,17,0
4,4,0,0,0,7,17,17,5,5,0,0,0,0,0,0,0,0,0,14,1
29,29,44,44,44,8,8,8,5,5,4,4,2755,220,728,26,91,51,258,102,0
6,6,0,0,0,82,3,3,8,8,0,0,0,0,0,0,0,0,0,14,1
5,5,0,0,0,7,17,17,5,5,0,0,0,0,0,0,0,0,0,14,1
38,38,176,176,176,4,1,1,4,4,8,8,121,1133,61,1,14,5,207,0,2
28,28,215,215,215,16,26,26,4,4,2,2,42,424,20,848,17,5248,68,5738,0
9,9,0,0,0,3,3,3,4,4,1,1,0,0,0,0,0,0,0,0,0
15,15,88,88,88,1,0,0,3,3,2,2,7,47,2,39,9,451,54,513,0
14,14,2,2,2,7,34,34,7,7,2,2,108,5,47,7,20,2,56,35,1
24,24,63,63,63,3,0,0,5,5,8,8,36,9,8,1,15,0,157,2713,2
3,3,2,2,2,13,4,4,5,5,2,2,6,0,0,0,1,0,19,19,2
5,5,4,4,4,11,22,22,8,8,2,2,2,0,4,0,1,0,21,18,1
4,4,0,0,0,12,3,3,7,7,1,1,0,0,0,0,0,0,0,14,1
6,6,1,1,1,11,17,17,6,6,2,2,4,0,0,0,3,0,24,19,1
5,5,0,0,0,10,5,5,3,3,0,0,0,0,0,0,0,0,0,17,1
42,42,273,273,273,4,3,3,4,4,23,23,1017,1230,692,3387,47,2238,732,0,0
8,8,10,10,10,4,1,1,4,4,2,2,0,0,0,0,0,0,14,22,2
16,16,64,64,64,1,0,0,3,3,2,2,7,59,2,51,9,793,54,866,0
20,20,5,5,5,6,1,1,6,6,4,4,43,447,4,1999,8,2024,91,2062,0
8,8,2,2,2,7,5,5,4,4,2,2,0,0,0,0,0,0,7,17,0
3,3,2,2,2,13,4,4,5,5,2,2,6,0,0,0,1,0,19,19,2
14,14,17,17,17,10,0,0,4,4,1,1,27,10,0,0,1,1,46,19,0
21,21,120,120,120,10,0,0,4,4,2,2,26,110,11,99,16,1690,65,1820,0
14,14,24,24,24,7,5,5,4,4,4,4,215,0,44,0,34,0,167,23,0
10,10,10,10,10,4,1,1,4,4,2,2,0,0,0,0,0,0,14,22,2
20,20,25,25,25,3,0,0,5,5,6,6,31,9,8,1,15,0,120,1421,2
6,6,0,0,0,12,3,3,7,7,1,1,0,0,0,0,0,0,0,25,1
9,9,1,1,1,10,1,1,5,5,2,2,18,0,0,0,2,0,23,20,0
18,18,8,8,8,7,1,1,3,3,5,5,94,29,25,1,13,2,143,30,0
